Name,Description,Basin,County,Latitude,Longitude,TCEQ Stream Segment,Sample Date,Sample Time,Sample Depth (m),Days Since Last Significant Rainfall,Rainfall Total (inches in last 3 days),Flow Severity,pH,Conductivity (Âµs/cm),Dissolved Oxygent (mg/L),Air Temperature (Â°C),Water Temperature (Â°C),E. Coli Average,Secchi Disk Transparency (m),Transparency Tube (m),Nitrate-Nitrogen (ppm or mg/L)
12677,Cypress Creek @ Jacob'S Well,Guadalupe,Hays,30.0339,-98.1256,1815,2/3/2001,2:00 PM,0,,,Normal,7,,7.6,18,18.0,,,,
12677,Cypress Creek @ Jacob'S Well,Guadalupe,Hays,30.0339,-98.1256,1815,9/20/2001,11:00 AM,0.5,9.0,,Low,7,,5.6,30,20.0,,18,,
12677,Cypress Creek @ Jacob'S Well,Guadalupe,Hays,30.0339,-98.1256,1815,1/12/2002,3:50 PM,,,,Normal,7.3,,7.05,19,18.5,,> 3.5,,
12677,Cypress Creek @ Jacob'S Well,Guadalupe,Hays,30.0339,-98.1256,1815,11/21/2004,3:20 PM,0.3,1.0,0.58,High,7.1,,6.7,19.5,20.0,,> 5,,
12677,Cypress Creek @ Jacob'S Well,Guadalupe,Hays,30.0339,-98.1256,1815,1/15/2006,4:00 PM,0.5,10.0,0.0,No flow,7,590,5.9,20,20.0,,> 0.75,,
12677,Cypress Creek @ Jacob'S Well,Guadalupe,Hays,30.0339,-98.1256,1815,2/16/2006,2:15 PM,0.25,6.0,0.0,No flow,7,630,5.45,27,21.0,,> 0.8,,
12677,Cypress Creek @ Jacob'S Well,Guadalupe,Hays,30.0339,-98.1256,1815,3/10/2006,12:15 PM,0.25,5.0,0.0,No flow,7,630,5.8,25,21.0,,1.5,,
12677,Cypress Creek @ Jacob'S Well,Guadalupe,Hays,30.0339,-98.1256,1815,4/13/2006,1:50 PM,0.5,14.0,0.0,No flow,7,630,5.4,30,21.0,,0.75,,
12677,Cypress Creek @ Jacob'S Well,Guadalupe,Hays,30.0339,-98.1256,1815,5/20/2006,12:00 PM,0.75,12.0,0.0,No flow,7,580,5.6,30,21.5,,> 1.5,,
12677,Cypress Creek @ Jacob'S Well,Guadalupe,Hays,30.0339,-98.1256,1815,6/11/2006,1:30 PM,0.75,10.0,0.0,No flow,7,590,5.3,32,22.0,,> 1,,
12677,Cypress Creek @ Jacob'S Well,Guadalupe,Hays,30.0339,-98.1256,1815,7/9/2006,12:15 PM,0.25,4.0,0.0,No flow,7,590,5.15,31,22.0,,1.5,,
12677,Cypress Creek @ Jacob'S Well,Guadalupe,Hays,30.0339,-98.1256,1815,8/10/2006,11:50 AM,0.75,6.0,0.0,No flow,7,600,5.3,24,22.0,,1.5,,
12677,Cypress Creek @ Jacob'S Well,Guadalupe,Hays,30.0339,-98.1256,1815,9/10/2006,12:00 PM,0.5,5.0,0.25,No flow,7,590,5.6,29,22.0,,0.75,,
12677,Cypress Creek @ Jacob'S Well,Guadalupe,Hays,30.0339,-98.1256,1815,10/15/2006,2:00 PM,0.75,3.0,0.15,No flow,,590,5.45,24,21.5,,1.5,,
12677,Cypress Creek @ Jacob'S Well,Guadalupe,Hays,30.0339,-98.1256,1815,11/26/2006,2:00 PM,0.75,7.0,0.0,No flow,7,590,5.7,23.5,20.5,,> 1,,
12677,Cypress Creek @ Jacob'S Well,Guadalupe,Hays,30.0339,-98.1256,1815,12/17/2006,1:00 PM,0.5,15.0,0.0,No flow,7,590,5.35,24.5,20.5,,> 0.75,,
12677,Cypress Creek @ Jacob'S Well,Guadalupe,Hays,30.0339,-98.1256,1815,1/28/2007,12:30 PM,0.25,5.0,0.0,No flow,7,590,5.9,11,20.0,,> 1,,
80415,Cypress Creek @ Blue Hole,Guadalupe,Hays,30.0039,-98.0909,1815,2/25/2007,12:30 PM,0.33,17.0,0.0,Low,7.3,660,7.5,19.5,17.0,,1.4,,
13513,Cypress Creek @ Cr 220 Downstream Of Jacob'S Well,Guadalupe,Hays,30.03,-98.12111,1815,2/25/2007,11:40 AM,0.33,0.0,0.0,Normal,6.9,580,7.3,18,16.9,,> 1.25,,
12677,Cypress Creek @ Jacob'S Well,Guadalupe,Hays,30.0339,-98.1256,1815,3/4/2007,1:30 PM,0.75,7.0,0.0,No flow,7,580,5.25,16.5,19.5,,> 1,,
13513,Cypress Creek @ Cr 220 Downstream Of Jacob'S Well,Guadalupe,Hays,30.03,-98.12111,1815,3/31/2007,12:30 PM,0.3,3.0,1.0,High,7.6,530,6.95,26.5,20.5,,> 1.5,,
12677,Cypress Creek @ Jacob'S Well,Guadalupe,Hays,30.0339,-98.1256,1815,4/15/2007,12:30 PM,0.75,2.0,0.5,No flow,7,550,4.7,18.5,19.5,,> 1.5,,
13513,Cypress Creek @ Cr 220 Downstream Of Jacob'S Well,Guadalupe,Hays,30.03,-98.12111,1815,5/9/2007,11:00 AM,0.33,15.0,0.0,Normal,7.7,420,6.15,29.5,23.0,,> 1.8,,
12677,Cypress Creek @ Jacob'S Well,Guadalupe,Hays,30.0339,-98.1256,1815,5/20/2007,3:00 PM,0.75,5.0,0.0,No flow,7,550,,25,20.5,,> 1.5,,
12677,Cypress Creek @ Jacob'S Well,Guadalupe,Hays,30.0339,-98.1256,1815,7/15/2007,1:45 PM,0.75,0.0,2.0,Low,7,570,4.85,30,21.0,,> 0.75,,
12677,Cypress Creek @ Jacob'S Well,Guadalupe,Hays,30.0339,-98.1256,1815,8/19/2007,1:30 PM,0.75,4.0,2.0,Low,7,540,4.4,30.5,22.0,,> 1.5,,
80443,Cypress Creek @ Old Kyle Road Upstream Of Bridge And Dam,Guadalupe,Hays,29.99721,-98.09675,1815,9/7/2007,9:15 AM,0.3,3.0,1.0,Normal,8,590,6.5,26,24.5,,> 1.02,,
12677,Cypress Creek @ Jacob'S Well,Guadalupe,Hays,30.0339,-98.1256,1815,9/23/2007,1:30 PM,0.75,7.0,0.0,No flow,7,570,4.65,31,21.5,,> 0.75,,
80443,Cypress Creek @ Old Kyle Road Upstream Of Bridge And Dam,Guadalupe,Hays,29.99721,-98.09675,1815,10/5/2007,9:05 AM,0.3,4.0,0.0,Low,8,540,6.6,20,22.0,,> 0.9,,
12677,Cypress Creek @ Jacob'S Well,Guadalupe,Hays,30.0339,-98.1256,1815,10/21/2007,3:00 PM,0.75,7.0,0.0,No flow,7,570,4.8,29,20.5,,> 1.5,,
80443,Cypress Creek @ Old Kyle Road Upstream Of Bridge And Dam,Guadalupe,Hays,29.99721,-98.09675,1815,11/1/2007,9:30 AM,0.33,11.0,0.0,Low,8,560,7.8,17,16.0,,> 0.9,,
12677,Cypress Creek @ Jacob'S Well,Guadalupe,Hays,30.0339,-98.1256,1815,11/21/2007,12:30 PM,0.5,7.0,0.0,No flow,7,570,4.7,28,21.0,,> 0.75,,
80443,Cypress Creek @ Old Kyle Road Upstream Of Bridge And Dam,Guadalupe,Hays,29.99721,-98.09675,1815,12/6/2007,9:30 AM,0.33,11.0,0.0,Low,8,540,8.0,13,14.0,,0.9,,
12677,Cypress Creek @ Jacob'S Well,Guadalupe,Hays,30.0339,-98.1256,1815,12/22/2007,12:45 PM,0.5,7.0,0.0,Low,7,560,5.3,18,20.0,,> 0.75,,
80443,Cypress Creek @ Old Kyle Road Upstream Of Bridge And Dam,Guadalupe,Hays,29.99721,-98.09675,1815,1/8/2008,9:00 AM,0.33,14.0,0.0,Low,8,550,,19,16.0,,0.8,,
12677,Cypress Creek @ Jacob'S Well,Guadalupe,Hays,30.0339,-98.1256,1815,1/19/2008,12:50 PM,0.5,1.0,0.5,No flow,7,600,5.2,11,19.0,,> 0.75,,
80443,Cypress Creek @ Old Kyle Road Upstream Of Bridge And Dam,Guadalupe,Hays,29.99721,-98.09675,1815,2/10/2008,9:00 AM,0.33,11.0,0.0,Low,7.5,550,8.1,14,13.0,,0.9,,
80443,Cypress Creek @ Old Kyle Road Upstream Of Bridge And Dam,Guadalupe,Hays,29.99721,-98.09675,1815,2/22/2008,12:14 PM,0.3,5.0,0.0,No flow,8,540,9.4,0,0.0,,> 1.5,,
80443,Cypress Creek @ Old Kyle Road Upstream Of Bridge And Dam,Guadalupe,Hays,29.99721,-98.09675,1815,3/7/2008,9:00 AM,0.33,1.0,0.25,Low,7,560,8.7,9,12.0,,0.9,,
12677,Cypress Creek @ Jacob'S Well,Guadalupe,Hays,30.0339,-98.1256,1815,3/8/2008,2:20 PM,0.5,7.0,0.25,No flow,7,600,5.3,18,20.0,,> 0.8,,
12677,Cypress Creek @ Jacob'S Well,Guadalupe,Hays,30.0339,-98.1256,1815,3/30/2008,1:00 PM,0.5,7.0,0.0,No flow,7,610,5.1,25,21.0,,> 0.8,,
80443,Cypress Creek @ Old Kyle Road Upstream Of Bridge And Dam,Guadalupe,Hays,29.99721,-98.09675,1815,4/3/2008,9:00 AM,0.33,3.0,0.1,Low,7.6,550,7.3,21,19.0,,0.9,,
12677,Cypress Creek @ Jacob'S Well,Guadalupe,Hays,30.0339,-98.1256,1815,4/27/2008,1:00 PM,0.5,1.0,0.5,No flow,7,610,5.5,19,20.5,,> 0.75,,
80443,Cypress Creek @ Old Kyle Road Upstream Of Bridge And Dam,Guadalupe,Hays,29.99721,-98.09675,1815,5/8/2008,9:00 AM,0.33,2.0,0.1,Low,7.5,560,6.3,19,19.0,,0.8,,
80443,Cypress Creek @ Old Kyle Road Upstream Of Bridge And Dam,Guadalupe,Hays,29.99721,-98.09675,1815,6/8/2008,9:00 AM,0.33,0.0,0.1,Low,7.5,560,5.3,27,25.0,,0.8,,
12677,Cypress Creek @ Jacob'S Well,Guadalupe,Hays,30.0339,-98.1256,1815,6/28/2008,,0.75,7.0,0.0,No flow,7,610,5.5,34,23.0,,> 1,,
80443,Cypress Creek @ Old Kyle Road Upstream Of Bridge And Dam,Guadalupe,Hays,29.99721,-98.09675,1815,7/1/2008,9:00 AM,0.33,48.0,0.05,Low,7.2,560,4.15,26,5.0,,0.9,,
80443,Cypress Creek @ Old Kyle Road Upstream Of Bridge And Dam,Guadalupe,Hays,29.99721,-98.09675,1815,8/6/2008,9:00 AM,0.33,13.0,0.01,Low,7.3,530,4.5,27,25.5,,0.8,,
12677,Cypress Creek @ Jacob'S Well,Guadalupe,Hays,30.0339,-98.1256,1815,8/8/2008,1:00 PM,0.5,7.0,0.0,No flow,7.5,610,5.3,35,22.0,,> 0.75,,
80443,Cypress Creek @ Old Kyle Road Upstream Of Bridge And Dam,Guadalupe,Hays,29.99721,-98.09675,1815,9/12/2008,,0.33,17.0,0.0,Low,7.4,540,5.8,24,25.0,,0.85,,
80443,Cypress Creek @ Old Kyle Road Upstream Of Bridge And Dam,Guadalupe,Hays,29.99721,-98.09675,1815,10/12/2008,9:30 AM,0.33,6.0,0.0,Low,7.4,580,5.8,24,21.0,,0.8,,
12677,Cypress Creek @ Jacob'S Well,Guadalupe,Hays,30.0339,-98.1256,1815,10/15/2008,2:00 PM,0.75,7.0,0.0,No flow,7,610,5.3,24.5,20.5,,> 0.75,,
80443,Cypress Creek @ Old Kyle Road Upstream Of Bridge And Dam,Guadalupe,Hays,29.99721,-98.09675,1815,11/7/2008,9:00 AM,0.33,32.0,0.0,No flow,7.2,570,4.9,16,17.0,,0.8,,
12677,Cypress Creek @ Jacob'S Well,Guadalupe,Hays,30.0339,-98.1256,1815,11/23/2008,2:30 PM,0.6,7.0,0.0,No flow,7,610,6.4,22,20.0,,> 0.75,,
80443,Cypress Creek @ Old Kyle Road Upstream Of Bridge And Dam,Guadalupe,Hays,29.99721,-98.09675,1815,12/9/2008,10:00 AM,0.33,40.0,0.0,Low,7.4,580,6.4,19,16.0,,> 0.7,,
12677,Cypress Creek @ Jacob'S Well,Guadalupe,Hays,30.0339,-98.1256,1815,12/20/2008,1:00 PM,0.6,7.0,0.0,No flow,7,610,5.5,22,20.6,,> 0.6,,
80443,Cypress Creek @ Old Kyle Road Upstream Of Bridge And Dam,Guadalupe,Hays,29.99721,-98.09675,1815,1/4/2009,9:00 AM,0.33,60.0,0.0,Low,7.4,560,6.6,17,18.0,,0.8,,
12677,Cypress Creek @ Jacob'S Well,Guadalupe,Hays,30.0339,-98.1256,1815,1/19/2009,1:00 PM,0.33,7.0,0.0,No flow,7.25,610,5.7,20,19.5,,> 0.5,,
80443,Cypress Creek @ Old Kyle Road Upstream Of Bridge And Dam,Guadalupe,Hays,29.99721,-98.09675,1815,2/8/2009,,0.33,30.0,0.0,Low,7.4,580,,17,16.0,,0.7,,
80443,Cypress Creek @ Old Kyle Road Upstream Of Bridge And Dam,Guadalupe,Hays,29.99721,-98.09675,1815,3/15/2009,9:00 AM,0.33,3.0,2.5,Normal,7.5,550,7.45,12,13.0,,1.2,,
80443,Cypress Creek @ Old Kyle Road Upstream Of Bridge And Dam,Guadalupe,Hays,29.99721,-98.09675,1815,4/15/2009,9:00 AM,0.33,8.0,0.0,Low,7.4,560,6.2,17,18.0,,0.8,,
80443,Cypress Creek @ Old Kyle Road Upstream Of Bridge And Dam,Guadalupe,Hays,29.99721,-98.09675,1815,8/30/2009,9:00 AM,0.33,3.0,0.2,Low,7.4,570,3.5,24,23.0,,> 0.2,,
80443,Cypress Creek @ Old Kyle Road Upstream Of Bridge And Dam,Guadalupe,Hays,29.99721,-98.09675,1815,10/2/2009,9:00 AM,0.33,9.0,0.0,Low,7.4,670,5.7,19,21.0,,> 0.8,,
80443,Cypress Creek @ Old Kyle Road Upstream Of Bridge And Dam,Guadalupe,Hays,29.99721,-98.09675,1815,11/8/2009,9:00 AM,0.33,13.0,0.0,Low,7.6,680,7.6,19,18.0,,> 0.9,,
80443,Cypress Creek @ Old Kyle Road Upstream Of Bridge And Dam,Guadalupe,Hays,29.99721,-98.09675,1815,12/19/2009,12:00 PM,0.25,2.0,,Low,8,620,5.0,14,13.0,,1,,
80443,Cypress Creek @ Old Kyle Road Upstream Of Bridge And Dam,Guadalupe,Hays,29.99721,-98.09675,1815,1/23/2010,2:00 PM,0.25,3.0,,Normal,7.9,590,7.55,19,7.5,,2.8,,
12677,Cypress Creek @ Jacob'S Well,Guadalupe,Hays,30.0339,-98.1256,1815,1/30/2010,1:00 PM,0.5,1.0,,Normal,7,520,3.6,8.5,7.5,,2,,
80415,Cypress Creek @ Blue Hole,Guadalupe,Hays,30.0039,-98.0909,1815,1/31/2010,12:10 PM,1.77,2.0,1.32,Low,7.5,650,10.0,0,8.5,,1.77,,
80443,Cypress Creek @ Old Kyle Road Upstream Of Bridge And Dam,Guadalupe,Hays,29.99721,-98.09675,1815,2/10/2010,1:08 PM,0.5,1.0,,Normal,8,580,11.8,6,5.2,,1.4,,
12677,Cypress Creek @ Jacob'S Well,Guadalupe,Hays,30.0339,-98.1256,1815,2/20/2010,11:57 AM,0.5,1.0,,Low,7,550,9.55,5,7.0,,1,,
80502,Cypress Creek @ Woodcreek Drive,Guadalupe,Hays,30.0209,-98.1174,1815,3/26/2010,12:00 PM,0.3,7.0,0.0,Normal,8.3,610,6.9,27,20.0,,0.3,,
12677,Cypress Creek @ Jacob'S Well,Guadalupe,Hays,30.0339,-98.1256,1815,3/27/2010,2:00 PM,0.3,2.0,,Low,7,330,7.2,24,21.0,,0.6,,
80502,Cypress Creek @ Woodcreek Drive,Guadalupe,Hays,30.0209,-98.1174,1815,5/22/2010,2:00 PM,0.3,5.0,0.0,Normal,7.8,610,7.2,33,26.0,,0.3,,
80443,Cypress Creek @ Old Kyle Road Upstream Of Bridge And Dam,Guadalupe,Hays,29.99721,-98.09675,1815,5/31/2010,9:00 AM,0.33,6.0,0.0,Low,7.7,570,6.6,24,23.0,,> 0.9,,
80443,Cypress Creek @ Old Kyle Road Upstream Of Bridge And Dam,Guadalupe,Hays,29.99721,-98.09675,1815,8/30/2010,3:41 PM,0.1,,,Low,,580,,28,,,2.5,,
80443,Cypress Creek @ Old Kyle Road Upstream Of Bridge And Dam,Guadalupe,Hays,29.99721,-98.09675,1815,9/5/2010,9:00 AM,0.33,2.0,1.2,No flow,,570,6.1,26,27.0,,0.9,Data error,
12677,Cypress Creek @ Jacob'S Well,Guadalupe,Hays,30.0339,-98.1256,1815,9/28/2010,9:30 AM,0.5,5.0,0.0,Normal,7.2,590,6.3,29,21.5,,1.5,,
80443,Cypress Creek @ Old Kyle Road Upstream Of Bridge And Dam,Guadalupe,Hays,29.99721,-98.09675,1815,10/3/2010,9:00 AM,0.33,9.0,0.0,Low,8,570,8.1,18,20.0,,> 0.9,,
80443,Cypress Creek @ Old Kyle Road Upstream Of Bridge And Dam,Guadalupe,Hays,29.99721,-98.09675,1815,11/15/2010,9:00 AM,0.33,12.0,0.0,Low,7.8,600,7.15,11,16.0,,> 0.8,,
80443,Cypress Creek @ Old Kyle Road Upstream Of Bridge And Dam,Guadalupe,Hays,29.99721,-98.09675,1815,12/12/2010,9:00 AM,0.33,39.0,0.0,Low,7.4,590,7.7,8,13.0,,> 0.9,,
80443,Cypress Creek @ Old Kyle Road Upstream Of Bridge And Dam,Guadalupe,Hays,29.99721,-98.09675,1815,3/20/2011,9:00 AM,0.33,30.0,0.0,Low,7.4,580,7.2,20,19.0,,0.8,,
80443,Cypress Creek @ Old Kyle Road Upstream Of Bridge And Dam,Guadalupe,Hays,29.99721,-98.09675,1815,5/15/2011,9:00 AM,0.33,13.0,1.0,Low,7.4,600,5.8,21,19.0,,0.9,,
80443,Cypress Creek @ Old Kyle Road Upstream Of Bridge And Dam,Guadalupe,Hays,29.99721,-98.09675,1815,6/19/2011,2:10 PM,0.16,,0.0,Low,8,600,3.5,30.8,26.0,,1,,
80443,Cypress Creek @ Old Kyle Road Upstream Of Bridge And Dam,Guadalupe,Hays,29.99721,-98.09675,1815,7/12/2011,9:00 AM,0.33,21.0,0.0,Low,7.4,620,4.5,27,26.0,,> 0.8,,
80443,Cypress Creek @ Old Kyle Road Upstream Of Bridge And Dam,Guadalupe,Hays,29.99721,-98.09675,1815,8/24/2011,9:00 AM,Data error,36.0,0.0,Low,7.4,590,3.95,28,26.0,,> 7,,
80443,Cypress Creek @ Old Kyle Road Upstream Of Bridge And Dam,Guadalupe,Hays,29.99721,-98.09675,1815,12/21/2011,9:00 AM,0.33,2.0,0.3,Low,7.2,590,7.3,8,12.0,,0.9,,
80443,Cypress Creek @ Old Kyle Road Upstream Of Bridge And Dam,Guadalupe,Hays,29.99721,-98.09675,1815,1/22/2012,9:00 AM,0.33,11.0,0.0,Low,7.4,620,7.3,16,15.0,,0.8,,
80443,Cypress Creek @ Old Kyle Road Upstream Of Bridge And Dam,Guadalupe,Hays,29.99721,-98.09675,1815,3/18/2012,,0.33,2.0,2.4,Normal,7.4,580,7.4,21,20.0,,0.9,,
80443,Cypress Creek @ Old Kyle Road Upstream Of Bridge And Dam,Guadalupe,Hays,29.99721,-98.09675,1815,5/7/2012,,0.33,0.0,1.5,Normal,7.4,550,6.8,21,21.0,,0.9,,
80443,Cypress Creek @ Old Kyle Road Upstream Of Bridge And Dam,Guadalupe,Hays,29.99721,-98.09675,1815,5/27/2012,,0.33,11.0,0.0,Normal,7.4,540,5.95,24,24.0,,1,,
80443,Cypress Creek @ Old Kyle Road Upstream Of Bridge And Dam,Guadalupe,Hays,29.99721,-98.09675,1815,8/5/2012,9:00 AM,0.33,21.0,0.0,Low,7.5,570,5.55,26,25.0,,> 1.2,,
80933,Cypress Creek @ First Dam,Guadalupe,Hays,30.0201,-98.1156,1815,5/21/2013,8:35 AM,0.3,,0.0,Normal,7.2,500,5.2,26,27.0,,> 1,,
80415,Cypress Creek @ Blue Hole,Guadalupe,Hays,30.0039,-98.0909,1815,5/25/2013,11:55 AM,0.3,0.0,0.49,Normal,6.9,560,3.2,21.5,20.0,,> 0.75,,
80933,Cypress Creek @ First Dam,Guadalupe,Hays,30.0201,-98.1156,1815,6/16/2013,7:15 PM,0.3,3.0,0.0,No flow,7.2,500,9.25,26,30.0,,> 2.5,,
80415,Cypress Creek @ Blue Hole,Guadalupe,Hays,30.0039,-98.0909,1815,6/30/2013,,0.3,0.0,0.0,Normal,6.9,600,3.2,22,24.0,,> 0.5,,
80415,Cypress Creek @ Blue Hole,Guadalupe,Hays,30.0039,-98.0909,1815,8/31/2013,,0.3,6.0,0.0,Low,6.9,620,3.1,22,24.0,,> 0.25,,
80415,Cypress Creek @ Blue Hole,Guadalupe,Hays,30.0039,-98.0909,1815,9/28/2013,,0.3,8.0,0.0,Normal,6.9,620,2.7,24.5,23.0,,> 1.73,,
12677,Cypress Creek @ Jacob'S Well,Guadalupe,Hays,30.0339,-98.1256,1815,10/13/2013,11:30 AM,0.5,0.0,2.92,Flood,7,370,6.2,20.5,20.0,,0.2,,
80415,Cypress Creek @ Blue Hole,Guadalupe,Hays,30.0039,-98.0909,1815,10/26/2013,,0.3,5.0,0.0,Normal,6.9,590,4.15,18,18.5,,> 1.65,,
80415,Cypress Creek @ Blue Hole,Guadalupe,Hays,30.0039,-98.0909,1815,11/30/2013,12:00 PM,0.3,5.0,0.0,Normal,6.9,600,6.85,15,14.5,,> 1.8,,
12677,Cypress Creek @ Jacob'S Well,Guadalupe,Hays,30.0339,-98.1256,1815,12/15/2013,12:30 PM,0.5,20.0,0.0,No flow,6.9,540,6.2,12,19.0,,9,,
80933,Cypress Creek @ First Dam,Guadalupe,Hays,30.0201,-98.1156,1815,12/24/2013,3:30 PM,0.33,,0.0,Normal,7.5,550,7.1,20,20.0,,> 1.1,,
80415,Cypress Creek @ Blue Hole,Guadalupe,Hays,30.0039,-98.0909,1815,12/28/2013,,0.3,7.0,0.1,Normal,6.9,620,6.65,8,12.5,,> 1.85,,
80933,Cypress Creek @ First Dam,Guadalupe,Hays,30.0201,-98.1156,1815,1/10/2014,10:15 AM,0.3,30.0,0.2,Normal,7.1,600,9.2,17,15.0,,1.2,,
12677,Cypress Creek @ Jacob'S Well,Guadalupe,Hays,30.0339,-98.1256,1815,1/12/2014,11:00 AM,0.5,48.0,0.0,Normal,7,550,6.5,13.5,19.5,,9,,
80933,Cypress Creek @ First Dam,Guadalupe,Hays,30.0201,-98.1156,1815,1/20/2014,,0.16,30.0,0.0,Normal,7,580,7.4,14,10.2,110.0,0.32,1.1,0.0
80933,Cypress Creek @ First Dam,Guadalupe,Hays,30.0201,-98.1156,1815,1/20/2014,,0.16,30.0,0.0,Normal,7,580,7.4,14,10.2,110.0,0.32,1.1,0.5
80415,Cypress Creek @ Blue Hole,Guadalupe,Hays,30.0039,-98.0909,1815,1/25/2014,2:20 PM,0.5,29.0,0.14,Normal,6.9,610,7.85,15,9.5,,> 1.8,,
12677,Cypress Creek @ Jacob'S Well,Guadalupe,Hays,30.0339,-98.1256,1815,2/8/2014,11:30 AM,0.5,48.0,0.0,Normal,6.8,560,6.0,9,19.0,,9,,
80415,Cypress Creek @ Blue Hole,Guadalupe,Hays,30.0039,-98.0909,1815,2/22/2014,11:15 AM,0.3,11.0,0.0,Normal,6.9,600,6.4,16,13.5,,> 1.69,,
12677,Cypress Creek @ Jacob'S Well,Guadalupe,Hays,30.0339,-98.1256,1815,3/8/2014,11:30 AM,0.3,4.0,0.0,Normal,7,560,6.0,15,19.0,,9,,
80415,Cypress Creek @ Blue Hole,Guadalupe,Hays,30.0039,-98.0909,1815,3/26/2014,,0.3,5.0,0.0,Normal,6.9,600,4.2,19,19.0,,> 1.165,,
12677,Cypress Creek @ Jacob'S Well,Guadalupe,Hays,30.0339,-98.1256,1815,4/13/2014,2:00 PM,0.5,5.0,0.0,Normal,7,560,5.7,22.8,20.5,,< 9,,
80415,Cypress Creek @ Blue Hole,Guadalupe,Hays,30.0039,-98.0909,1815,4/26/2014,,0.3,0.0,1.38,Normal,6.9,620,4.65,21,21.0,,> 1.7,,
12677,Cypress Creek @ Jacob'S Well,Guadalupe,Hays,30.0339,-98.1256,1815,5/11/2014,1:00 PM,0.5,2.0,1.04,Normal,6.9,580,5.9,30,21.8,,< 9,,
80415,Cypress Creek @ Blue Hole,Guadalupe,Hays,30.0039,-98.0909,1815,5/25/2014,,0.3,1.0,0.23,Normal,6.9,590,3.4,21.5,20.0,,> 1.6,,
12677,Cypress Creek @ Jacob'S Well,Guadalupe,Hays,30.0339,-98.1256,1815,6/15/2014,1:00 PM,0.5,2.0,0.41,Normal,7,590,5.9,32,22.0,,< 9,,
12677,Cypress Creek @ Jacob'S Well,Guadalupe,Hays,30.0339,-98.1256,1815,7/12/2014,11:00 AM,0.5,20.0,0.0,Normal,6.9,590,6.1,24,21.5,,> 9,,
80933,Cypress Creek @ First Dam,Guadalupe,Hays,30.0201,-98.1156,1815,7/24/2014,3:10 PM,0.3,8.0,0.0,Low,7.2,520,6.95,32,30.0,,> 2.8,,
12677,Cypress Creek @ Jacob'S Well,Guadalupe,Hays,30.0339,-98.1256,1815,8/10/2014,9:30 AM,0.5,23.0,0.0,Low,7,600,6.2,28,23.0,,> 9,,
80415,Cypress Creek @ Blue Hole,Guadalupe,Hays,30.0039,-98.0909,1815,8/30/2014,,0.3,1.0,0.31,Low,6.9,660,2.8,23,24.0,,> 1.6,,
12677,Cypress Creek @ Jacob'S Well,Guadalupe,Hays,30.0339,-98.1256,1815,9/13/2014,11:00 AM,0.5,1.0,1.3,Normal,6.9,600,6.05,15.5,19.0,,,,
12677,Cypress Creek @ Jacob'S Well,Guadalupe,Hays,30.0339,-98.1256,1815,10/12/2014,11:45 AM,0.5,0.0,0.5,Normal,7,610,6.1,17,20.0,,,,
80415,Cypress Creek @ Blue Hole,Guadalupe,Hays,30.0039,-98.0909,1815,10/25/2014,,0.3,3.0,0.14,Normal,6.9,650,4.2,15.5,18.0,,> 1.68,,
80415,Cypress Creek @ Blue Hole,Guadalupe,Hays,30.0039,-98.0909,1815,11/27/2014,2:00 PM,0.3,4.0,0.0,Normal,6.9,620,4.7,12,14.5,,> 1.68,,
80415,Cypress Creek @ Blue Hole,Guadalupe,Hays,30.0039,-98.0909,1815,12/21/2014,2:15 PM,0.3,2.0,0.75,Normal,6.9,640,4.3,11,14.5,,> 1.75,,
12677,Cypress Creek @ Jacob'S Well,Guadalupe,Hays,30.0339,-98.1256,1815,1/11/2015,11:45 AM,0.5,7.0,0.0,No flow,7,580,6.05,7,19.0,,> 9,,
80415,Cypress Creek @ Blue Hole,Guadalupe,Hays,30.0039,-98.0909,1815,1/31/2015,10:30 AM,0.3,6.0,0.0,Normal,6.9,650,6.83,19,13.5,,> 1.74,,
80415,Cypress Creek @ Blue Hole,Guadalupe,Hays,30.0039,-98.0909,1815,2/2/2015,1:45 PM,0.3,3.0,0.0,Normal,7.9,555,7.0,,19.3,,,1.2,
12677,Cypress Creek @ Jacob'S Well,Guadalupe,Hays,30.0339,-98.1256,1815,2/14/2015,12:45 PM,0.5,21.0,0.0,No flow,6.9,590,5.9,20.1,19.9,,> 9,,
80415,Cypress Creek @ Blue Hole,Guadalupe,Hays,30.0039,-98.0909,1815,2/21/2015,11:06 AM,0.3,16.0,0.0,Normal,6.9,650,6.15,18,16.0,,> 1.75,,
12677,Cypress Creek @ Jacob'S Well,Guadalupe,Hays,30.0339,-98.1256,1815,3/14/2015,4:30 PM,0.5,4.0,0.0,Normal,7,600,6.5,25.5,19.5,,> 9,,
12677,Cypress Creek @ Jacob'S Well,Guadalupe,Hays,30.0339,-98.1256,1815,4/11/2015,4:15 PM,0.5,21.0,0.4,Normal,6.9,590,6.3,18.5,20.0,,> 9,,
80415,Cypress Creek @ Blue Hole,Guadalupe,Hays,30.0039,-98.0909,1815,4/20/2015,3:00 PM,0.1,2.0,1.05,Low,7.8,634,6.9,23.6,20.9,,,,
80415,Cypress Creek @ Blue Hole,Guadalupe,Hays,30.0039,-98.0909,1815,5/23/2015,11:00 AM,0.3,1.0,2.25,Normal,6.9,590,6.2,24,21.0,,> 1.9,,
80443,Cypress Creek @ Old Kyle Road Upstream Of Bridge And Dam,Guadalupe,Hays,29.99721,-98.09675,1815,6/4/2015,9:17 AM,0.3,6.0,0.0,Normal,8.2,600,6.4,21,21.0,,> 0.5,,
80926,Cypress Creek @ Rr12,Guadalupe,Hays,29.9963,-98.0981,1815,6/12/2015,1:45 PM,0.3,,0.0,High,7.8,582,,,25.9,,,Data error,
80443,Cypress Creek @ Old Kyle Road Upstream Of Bridge And Dam,Guadalupe,Hays,29.99721,-98.09675,1815,6/12/2015,1:30 PM,0.3,,0.0,High,7.8,590,,,26.3,,,1.2,
80415,Cypress Creek @ Blue Hole,Guadalupe,Hays,30.0039,-98.0909,1815,6/12/2015,11:45 AM,0.3,3.0,0.0,High,7.7,584,,,25.0,,,1.2,
12677,Cypress Creek @ Jacob'S Well,Guadalupe,Hays,30.0339,-98.1256,1815,6/12/2015,2:30 PM,0.3,3.0,0.0,High,7.1,576,,,25.9,,,,
80443,Cypress Creek @ Old Kyle Road Upstream Of Bridge And Dam,Guadalupe,Hays,29.99721,-98.09675,1815,7/8/2015,10:28 AM,0.3,10.0,0.0,Normal,8.1,570,6.8,22.5,23.0,,> 0.48,,
80415,Cypress Creek @ Blue Hole,Guadalupe,Hays,30.0039,-98.0909,1815,7/25/2015,,0.3,22.0,0.0,Normal,6.9,560,4.1,23,24.0,,> 1.9,,
80926,Cypress Creek @ Rr12,Guadalupe,Hays,29.9963,-98.0981,1815,7/29/2015,4:20 PM,0.3,26.0,0.0,Normal,7.9,546,,31,27.5,,,1.2,
80443,Cypress Creek @ Old Kyle Road Upstream Of Bridge And Dam,Guadalupe,Hays,29.99721,-98.09675,1815,7/29/2015,2:00 PM,0.3,26.0,0.0,Normal,,547,,31.2,27.8,,,1.2,
80926,Cypress Creek @ Rr12,Guadalupe,Hays,29.9963,-98.0981,1815,8/8/2015,2:35 PM,0.3,39.0,0.0,Normal,7.9,547,3.38,31.5,28.0,,,1.2,
80443,Cypress Creek @ Old Kyle Road Upstream Of Bridge And Dam,Guadalupe,Hays,29.99721,-98.09675,1815,8/8/2015,2:10 PM,0.3,39.0,0.0,Normal,7.9,557,3.7,32.3,28.0,,,1.06,
80415,Cypress Creek @ Blue Hole,Guadalupe,Hays,30.0039,-98.0909,1815,8/8/2015,,0.3,39.0,0.0,Normal,7.7,552,3.1,28,27.0,,,1.2,
12677,Cypress Creek @ Jacob'S Well,Guadalupe,Hays,30.0339,-98.1256,1815,8/8/2015,4:40 PM,0.3,39.0,0.0,Normal,7.2,632,2.93,33.6,25.7,,,1.2,
80443,Cypress Creek @ Old Kyle Road Upstream Of Bridge And Dam,Guadalupe,Hays,29.99721,-98.09675,1815,9/8/2015,,0.3,,0.0,Low,8,560,5.55,23.5,25.0,,> 0.42,,
80926,Cypress Creek @ Rr12,Guadalupe,Hays,29.9963,-98.0981,1815,9/11/2015,12:20 PM,0.3,1.0,0.13,Normal,7.9,538,4.1,,26.8,,,1.2,
80443,Cypress Creek @ Old Kyle Road Upstream Of Bridge And Dam,Guadalupe,Hays,29.99721,-98.09675,1815,9/11/2015,12:05 PM,0.3,1.0,0.13,Normal,7.9,545,3.7,,26.8,,,1.2,
80415,Cypress Creek @ Blue Hole,Guadalupe,Hays,30.0039,-98.0909,1815,9/11/2015,10:40 AM,0.3,1.0,,Normal,7.6,540,3.3,,26.1,,,1.2,
12677,Cypress Creek @ Jacob'S Well,Guadalupe,Hays,30.0339,-98.1256,1815,9/11/2015,2:50 PM,0.5,1.0,0.13,Normal,7.2,589,4.5,,25.0,,,1.2,
80926,Cypress Creek @ Rr12,Guadalupe,Hays,29.9963,-98.0981,1815,9/30/2015,3:10 PM,0.3,3.0,0.0,Low,8.1,553,4.6,,26.1,,,0.6,
80443,Cypress Creek @ Old Kyle Road Upstream Of Bridge And Dam,Guadalupe,Hays,29.99721,-98.09675,1815,9/30/2015,1:10 PM,0.3,3.0,0.0,Low,8,553,4.3,,26.3,,,0.6,
80415,Cypress Creek @ Blue Hole,Guadalupe,Hays,30.0039,-98.0909,1815,9/30/2015,11:05 AM,0.3,3.0,0.0,Normal,7.6,586,3.5,,24.1,,,0.6,
12677,Cypress Creek @ Jacob'S Well,Guadalupe,Hays,30.0339,-98.1256,1815,9/30/2015,3:55 PM,0.3,3.0,0.0,Normal,7.1,567,5.7,,24.0,,,,
12677,Cypress Creek @ Jacob'S Well,Guadalupe,Hays,30.0339,-98.1256,1815,10/18/2015,2:00 PM,0.5,109.0,0.0,Normal,6.8,630,5.85,25.5,20.0,,> 9,,
80415,Cypress Creek @ Blue Hole,Guadalupe,Hays,30.0039,-98.0909,1815,10/25/2015,12:35 PM,0.3,0.0,4.05,Normal,6.9,550,5.7,14,20.0,,> 1.82,,
12677,Cypress Creek @ Jacob'S Well,Guadalupe,Hays,30.0339,-98.1256,1815,12/13/2015,11:30 AM,0.25,0.0,2.0,Normal,6.8,620,6.7,11,18.0,,> 0.5,,
12677,Cypress Creek @ Jacob'S Well,Guadalupe,Hays,30.0339,-98.1256,1815,1/16/2016,1:40 PM,0.25,13.0,0.0,Flood,7,580,6.95,17,19.0,,> 1.5,,
80443,Cypress Creek @ Old Kyle Road Upstream Of Bridge And Dam,Guadalupe,Hays,29.99721,-98.09675,1815,2/10/2016,,0.3,40.0,0.0,Low,8.2,570,8.6,8.5,12.0,,0.56,,
12677,Cypress Creek @ Jacob'S Well,Guadalupe,Hays,30.0339,-98.1256,1815,2/13/2016,12:00 PM,0.5,41.0,0.0,Low,6.8,600,6.1,23,20.0,,1,,
80415,Cypress Creek @ Blue Hole,Guadalupe,Hays,30.0039,-98.0909,1815,2/20/2016,11:15 AM,0.3,26.0,0.0,Normal,6.9,580,6.5,19,18.0,,> 1.94,,
12677,Cypress Creek @ Jacob'S Well,Guadalupe,Hays,30.0339,-98.1256,1815,3/12/2016,1:30 PM,0.5,1.0,2.8,Normal,6.8,620,6.0,20,21.0,,1,,
80415,Cypress Creek @ Blue Hole,Guadalupe,Hays,30.0039,-98.0909,1815,3/26/2016,1:00 PM,0.3,2.0,0.52,Normal,6.9,610,6.8,18,18.0,,> 2.24,,
12677,Cypress Creek @ Jacob'S Well,Guadalupe,Hays,30.0339,-98.1256,1815,4/30/2016,12:30 PM,0.5,0.0,1.2,Normal,6.9,570,5.55,26,20.5,,> 1.5,,
80443,Cypress Creek @ Old Kyle Road Upstream Of Bridge And Dam,Guadalupe,Hays,29.99721,-98.09675,1815,5/19/2016,,0.3,9.0,0.05,Normal,8.1,580,7.0,19,19.5,,> 0.7,,
80443,Cypress Creek @ Old Kyle Road Upstream Of Bridge And Dam,Guadalupe,Hays,29.99721,-98.09675,1815,6/10/2016,,0.33,2.0,0.6,Normal,8.4,570,6.8,21,22.0,,> 0.83,,
80443,Cypress Creek @ Old Kyle Road Upstream Of Bridge And Dam,Guadalupe,Hays,29.99721,-98.09675,1815,7/8/2016,,0.3,7.0,0.0,Normal,8,550,6.2,25,24.5,,> 0.75,,
80443,Cypress Creek @ Old Kyle Road Upstream Of Bridge And Dam,Guadalupe,Hays,29.99721,-98.09675,1815,10/12/2016,,0.3,,0.0,Normal,8,610,7.1,11,19.0,,0.58,,
80443,Cypress Creek @ Old Kyle Road Upstream Of Bridge And Dam,Guadalupe,Hays,29.99721,-98.09675,1815,11/11/2016,,0.3,2.0,1.3,Normal,8.3,580,7.7,13,18.0,,0.7,,
80926,Cypress Creek @ Rr12,Guadalupe,Hays,29.9963,-98.0981,1815,2/14/2017,10:45 AM,0.3,0.0,1.0,Normal,8.2,550,8.0,10,17.0,,0.75,,
80443,Cypress Creek @ Old Kyle Road Upstream Of Bridge And Dam,Guadalupe,Hays,29.99721,-98.09675,1815,5/8/2017,,0.3,27.0,,Low,8.1,560,7.2,18,19.5,,0.75,,
80443,Cypress Creek @ Old Kyle Road Upstream Of Bridge And Dam,Guadalupe,Hays,29.99721,-98.09675,1815,8/8/2017,,0.3,1.0,2.8,Low,8,530,5.45,25.5,24.0,,0.66,,
80443,Cypress Creek @ Old Kyle Road Upstream Of Bridge And Dam,Guadalupe,Hays,29.99721,-98.09675,1815,9/12/2017,,0.3,15.0,0.0,Low,8.1,,6.6,15,20.5,,0.7,,
80443,Cypress Creek @ Old Kyle Road Upstream Of Bridge And Dam,Guadalupe,Hays,29.99721,-98.09675,1815,11/13/2017,,0.3,12.0,0.2,Normal,8,600,6.4,17,18.5,170.0,0.75,,
80443,Cypress Creek @ Old Kyle Road Upstream Of Bridge And Dam,Guadalupe,Hays,29.99721,-98.09675,1815,12/11/2017,,0.3,4.0,0.0,Normal,8.1,590,7.8,10,11.5,150.0,0.75,,
80443,Cypress Creek @ Old Kyle Road Upstream Of Bridge And Dam,Guadalupe,Hays,29.99721,-98.09675,1815,1/16/2018,10:20 AM,0.3,,,Low,8.2,600,9.55,0,13.0,90.0,> 0.75,,
80443,Cypress Creek @ Old Kyle Road Upstream Of Bridge And Dam,Guadalupe,Hays,29.99721,-98.09675,1815,2/15/2018,10:30 AM,0.3,,0.05,Normal,8,630,7.8,18.5,13.5,20.0,> 0.77,,
80443,Cypress Creek @ Old Kyle Road Upstream Of Bridge And Dam,Guadalupe,Hays,29.99721,-98.09675,1815,4/3/2018,,0.3,6.0,0.0,Normal,8,595,6.5,21,20.0,20.0,> 0.75,,
12677,Cypress Creek @ Jacob'S Well,Guadalupe,Hays,30.0339,-98.1256,1815,5/5/2018,8:00 AM,0.3,0.5,1.94,High,7,593,5.93,21,19.8,26.65,,,
12677,Cypress Creek @ Jacob'S Well,Guadalupe,Hays,30.0339,-98.1256,1815,6/13/2018,8:15 AM,0.33,23.0,0.0,Low,6.9,396,5.5,27,24.5,199.9,,,
80443,Cypress Creek @ Old Kyle Road Upstream Of Bridge And Dam,Guadalupe,Hays,29.99721,-98.09675,1815,6/18/2018,9:25 AM,0.3,45.0,0.5,Low,7.9,630,5.1,24,24.0,30.0,> 0.7,,
80443,Cypress Creek @ Old Kyle Road Upstream Of Bridge And Dam,Guadalupe,Hays,29.99721,-98.09675,1815,7/10/2018,9:20 AM,0.3,1.0,3.3,Normal,8.1,590,6.7,22.5,23.5,140.0,> 0.76,,
80415,Cypress Creek @ Blue Hole,Guadalupe,Hays,30.0039,-98.0909,1815,7/20/2018,8:00 AM,0.5,10.0,0.0,No flow,6.9,582,4.1,24,26.0,26.65,,,
80443,Cypress Creek @ Old Kyle Road Upstream Of Bridge And Dam,Guadalupe,Hays,29.99721,-98.09675,1815,8/10/2018,9:00 AM,0.3,,0.0,Low,7.8,600,5.1,25,25.0,80.0,> 0.71,,
80443,Cypress Creek @ Old Kyle Road Upstream Of Bridge And Dam,Guadalupe,Hays,29.99721,-98.09675,1815,9/20/2018,9:40 AM,0.3,,0.35,Normal,8,610,6.5,24,24.0,90.0,> 0.77,,
80443,Cypress Creek @ Old Kyle Road Upstream Of Bridge And Dam,Guadalupe,Hays,29.99721,-98.09675,1815,9/20/2018,9:40 AM,0.3,,0.35,Normal,8,610,6.5,24,24.0,,0.77,,
80443,Cypress Creek @ Old Kyle Road Upstream Of Bridge And Dam,Guadalupe,Hays,29.99721,-98.09675,1815,10/11/2018,9:06 AM,0.3,2.0,2.0,Normal,8.1,660,7.0,16,21.0,180.0,> 0.8,,
80443,Cypress Creek @ Old Kyle Road Upstream Of Bridge And Dam,Guadalupe,Hays,29.99721,-98.09675,1815,11/12/2018,9:50 AM,0.3,0.0,,Normal,8,620,7.7,9,16.0,,> 0.9,,
80415,Cypress Creek @ Blue Hole,Guadalupe,Hays,30.0039,-98.0909,1815,12/8/2018,8:30 AM,0.33,1.0,2.19,Normal,7.18,653,8.8,14,14.0,66.65,,,
80443,Cypress Creek @ Old Kyle Road Upstream Of Bridge And Dam,Guadalupe,Hays,29.99721,-98.09675,1815,12/18/2018,9:30 AM,0.3,,,Normal,8.1,630,423.2,4.5,13.0,170.0,0.8,,
80502,Cypress Creek @ Woodcreek Drive,Guadalupe,Hays,30.0209,-98.1174,1815,1/1/2019,3:00 PM,0.3,1.0,,Normal,7.3,580,8.2,15.5,14.3,,> 2.07,,
80443,Cypress Creek @ Old Kyle Road Upstream Of Bridge And Dam,Guadalupe,Hays,29.99721,-98.09675,1815,1/8/2019,9:35 AM,0.3,5.0,0.0,Normal,8.1,640,8.3,14.5,16.0,20.0,0.82,,
80443,Cypress Creek @ Old Kyle Road Upstream Of Bridge And Dam,Guadalupe,Hays,29.99721,-98.09675,1815,2/6/2019,7:50 AM,0.3,10.0,0.0,Normal,7.9,610,7.5,19,18.0,80.0,> 0.75,,
80415,Cypress Creek @ Blue Hole,Guadalupe,Hays,30.0039,-98.0909,1815,2/27/2019,1:40 PM,0.5,6.0,0.0,Normal,7.33,940,7.46,25,20.0,36.65,,,
80443,Cypress Creek @ Old Kyle Road Upstream Of Bridge And Dam,Guadalupe,Hays,29.99721,-98.09675,1815,3/11/2019,10:15 AM,0.3,,0.0,Normal,8,610,7.5,13.5,17.5,30.0,> 0.78,,
80443,Cypress Creek @ Old Kyle Road Upstream Of Bridge And Dam,Guadalupe,Hays,29.99721,-98.09675,1815,4/9/2019,9:45 AM,0.3,2.0,2.0,Normal,8,600,6.4,16,18.0,50.0,> 0.75,,
80415,Cypress Creek @ Blue Hole,Guadalupe,Hays,30.0039,-98.0909,1815,4/10/2019,9:50 AM,0.33,3.0,,Low,7.02,785,6.48,20,20.0,,,,
80415,Cypress Creek @ Blue Hole,Guadalupe,Hays,30.0039,-98.0909,1815,4/10/2019,9:50 AM,0.33,,,,,,,,,109.95,,,
80415,Cypress Creek @ Blue Hole,Guadalupe,Hays,30.0039,-98.0909,1815,4/10/2019,9:50 AM,0.33,3.0,,Low,7.02,785,6.48,20,20.0,109.95,,,
80443,Cypress Creek @ Old Kyle Road Upstream Of Bridge And Dam,Guadalupe,Hays,29.99721,-98.09675,1815,5/10/2019,7:50 AM,0.3,2.0,3.1,High,8.2,550,7.3,12,19.0,,1.1,,
80443,Cypress Creek @ Old Kyle Road Upstream Of Bridge And Dam,Guadalupe,Hays,29.99721,-98.09675,1815,5/10/2019,7:15 AM,0.3,,,,,,,,,60.0,,,
80415,Cypress Creek @ Blue Hole,Guadalupe,Hays,30.0039,-98.0909,1815,5/23/2019,10:30 AM,0.3,15.0,0.13,Low,6.46,891,6.22,22,22.0,66.65,,,
12677,Cypress Creek @ Jacob'S Well,Guadalupe,Hays,30.0339,-98.1256,1815,5/23/2019,10:30 AM,0.3,15.0,0.13,Low,6.46,891,6.22,22,22.0,66.65,,,
80443,Cypress Creek @ Old Kyle Road Upstream Of Bridge And Dam,Guadalupe,Hays,29.99721,-98.09675,1815,6/12/2019,9:35 AM,0.3,3.0,1.4,Normal,8,570,6.3,20,21.0,70.0,7.78,,
80443,Cypress Creek @ Old Kyle Road Upstream Of Bridge And Dam,Guadalupe,Hays,29.99721,-98.09675,1815,7/11/2019,8:00 AM,0.3,,0.1,Normal,7.9,590,6.8,23.5,25.0,120.0,> 0.75,,
80415,Cypress Creek @ Blue Hole,Guadalupe,Hays,30.0039,-98.0909,1815,7/18/2019,8:15 AM,0.3,,0.0,Low,7,827,8.2,24,26.0,33.3,,,
12677,Cypress Creek @ Jacob'S Well,Guadalupe,Hays,30.0339,-98.1256,1815,7/18/2019,8:50 AM,0.3,,,Low,7,614,9.2,25,21.0,26.65,,,
80502,Cypress Creek @ Woodcreek Drive,Guadalupe,Hays,30.0209,-98.1174,1815,8/30/2019,4:30 PM,1,6.0,,Normal,7.2,600,5.5,30.58,27.0,,1.11,,
80502,Cypress Creek @ Woodcreek Drive,Guadalupe,Hays,30.0209,-98.1174,1815,9/13/2019,3:00 PM,0,4.0,,Normal,7.3,590,6.23,26.5,26.8,,2.31,Data error,
80502,Cypress Creek @ Woodcreek Drive,Guadalupe,Hays,30.0209,-98.1174,1815,9/20/2019,3:15 PM,0.5,1.0,,Normal,7.3,590,7.05,34.7,27.8,,2.22,,
80502,Cypress Creek @ Woodcreek Drive,Guadalupe,Hays,30.0209,-98.1174,1815,9/27/2019,3:41 PM,0.5,8.0,,Normal,7.3,580,6.55,33.5,27.9,,2.8,,
80415,Cypress Creek @ Blue Hole,Guadalupe,Hays,30.0039,-98.0909,1815,9/28/2019,8:40 AM,0.33,30.0,0.0,Low,6.99,566,6.0,25,26.0,0.0,,,
12677,Cypress Creek @ Jacob'S Well,Guadalupe,Hays,30.0339,-98.1256,1815,9/28/2019,9:20 AM,0.33,30.0,0.0,Low,6.99,429,7.8,24,22.0,0.0,,,
80443,Cypress Creek @ Old Kyle Road Upstream Of Bridge And Dam,Guadalupe,Hays,29.99721,-98.09675,1815,10/8/2019,9:50 AM,0.3,,0.0,Normal,7.9,570,6.9,17,22.5,130.0,> 0.75,,
80502,Cypress Creek @ Woodcreek Drive,Guadalupe,Hays,30.0209,-98.1174,1815,10/11/2019,4:30 PM,0.1,1.0,,Normal,7.3,590,6.55,10.9,19.0,,2.85,,
80443,Cypress Creek @ Old Kyle Road Upstream Of Bridge And Dam,Guadalupe,Hays,29.99721,-98.09675,1815,11/13/2019,9:30 AM,0.3,,0.2,Low,7.9,570,7.4,2.2,,80.0,> 0.75,,
80415,Cypress Creek @ Blue Hole,Guadalupe,Hays,30.0039,-98.0909,1815,11/21/2019,9:00 AM,0.5,,0.0,Normal,7.03,556,0.39,20,18.0,0.0,,,
80443,Cypress Creek @ Old Kyle Road Upstream Of Bridge And Dam,Guadalupe,Hays,29.99721,-98.09675,1815,12/10/2019,8:45 AM,0.3,0.0,0.2,Normal,7.9,590,7.3,5,14.0,140.0,> 0.78,,
80502,Cypress Creek @ Woodcreek Drive,Guadalupe,Hays,30.0209,-98.1174,1815,3/2/2020,3:40 PM,30,,,Normal,7.2,580,7.85,24.5,19.6,,< 2.29,,
80415,Cypress Creek @ Blue Hole,Guadalupe,Hays,30.0039,-98.0909,1815,3/16/2020,8:10 AM,0.5,,,,7,610,,18,19.0,99.95,,,
12677,Cypress Creek @ Jacob'S Well,Guadalupe,Hays,30.0339,-98.1256,1815,3/16/2020,9:00 AM,0.5,2.0,0.25,Low,7.1,565,,17,21.0,21.67,,,
80443,Cypress Creek @ Old Kyle Road Upstream Of Bridge And Dam,Guadalupe,Hays,29.99721,-98.09675,1815,5/10/2020,9:50 AM,0.3,14.0,0.0,Normal,8,600,6.0,24,23.5,70.0,7.75,,
12677,Cypress Creek @ Jacob'S Well,Guadalupe,Hays,30.0339,-98.1256,1815,5/15/2020,9:15 AM,0.5,3.0,6.0,Low,7.01,666,,24,22.0,66.65,,,
80502,Cypress Creek @ Woodcreek Drive,Guadalupe,Hays,30.0209,-98.1174,1815,5/23/2020,11:55 AM,0.5,0.0,,Normal,7.1,580,5.7,30,26.5,,2.2,,
80415,Cypress Creek @ Blue Hole,Guadalupe,Hays,30.0039,-98.0909,1815,6/27/2020,8:10 AM,0.5,1.0,0.26,Normal,6.97,345,,27,25.0,16.65,3.75,,
12677,Cypress Creek @ Jacob'S Well,Guadalupe,Hays,30.0339,-98.1256,1815,6/27/2020,9:20 AM,0.5,1.0,0.26,Low,6.97,480,,25,22.0,0.0,8,,
80443,Cypress Creek @ Old Kyle Road Upstream Of Bridge And Dam,Guadalupe,Hays,29.99721,-98.09675,1815,7/7/2020,8:45 AM,0.5,10.0,0.0,Low,6.98,663,,27,26.1,243.2,1,,
80443,Cypress Creek @ Old Kyle Road Upstream Of Bridge And Dam,Guadalupe,Hays,29.99721,-98.09675,1815,7/9/2020,8:10 AM,0.3,,0.0,Low,8,600,6.6,23.5,25.0,280.0,> 0.7,,
80502,Cypress Creek @ Woodcreek Drive,Guadalupe,Hays,30.0209,-98.1174,1815,8/9/2020,11:00 AM,0.5,,0.0,Normal,7.2,590,6.05,27,27.0,,> 1.14,,
80926,Cypress Creek @ Rr12,Guadalupe,Hays,29.9963,-98.0981,1815,8/18/2020,9:55 AM,0.3,14.0,0.0,Normal,6.99,570,,26,26.0,446.5,>,,
80443,Cypress Creek @ Old Kyle Road Upstream Of Bridge And Dam,Guadalupe,Hays,29.99721,-98.09675,1815,8/18/2020,8:25 AM,0.5,14.0,0.0,Low,6.99,523,,25,26.0,73.3,>,,
80415,Cypress Creek @ Blue Hole,Guadalupe,Hays,30.0039,-98.0909,1815,8/23/2020,8:30 AM,0.5,1.0,1.49,Low,6.96,739,,21,20.0,179.9,>,,
12677,Cypress Creek @ Jacob'S Well,Guadalupe,Hays,30.0339,-98.1256,1815,8/23/2020,9:02 AM,0.5,1.0,1.49,Low,6.97,715,,23,21.0,26.65,>,,
80443,Cypress Creek @ Old Kyle Road Upstream Of Bridge And Dam,Guadalupe,Hays,29.99721,-98.09675,1815,9/10/2020,10:15 AM,0.3,0.0,2.5,Normal,8,560,6.6,14.5,22.0,140.0,0.8,,
80443,Cypress Creek @ Old Kyle Road Upstream Of Bridge And Dam,Guadalupe,Hays,29.99721,-98.09675,1815,10/16/2020,9:00 AM,0.3,25.0,0.0,Low,7.9,600,6.5,15,20.0,260.0,> 0.75,,
80926,Cypress Creek @ Rr12,Guadalupe,Hays,29.9963,-98.0981,1815,10/21/2020,8:45 AM,0.3,30.0,0.0,Normal,6.94,Data error,2.86,22,23.0,,> 0.3,,
80415,Cypress Creek @ Blue Hole,Guadalupe,Hays,30.0039,-98.0909,1815,10/21/2020,8:12 AM,7,30.0,0.0,Low,6.95,628,2.41,23,23.0,,> 7,,
80502,Cypress Creek @ Woodcreek Drive,Guadalupe,Hays,30.0209,-98.1174,1815,11/8/2020,8:50 AM,0.03,30.0,0.0,Normal,7.3,580,7.85,19,17.6,,< 1,,
80502,Cypress Creek @ Woodcreek Drive,Guadalupe,Hays,30.0209,-98.1174,1815,11/8/2020,9:30 AM,,,,,,,,,,,,,
80443,Cypress Creek @ Old Kyle Road Upstream Of Bridge And Dam,Guadalupe,Hays,29.99721,-98.09675,1815,11/12/2020,9:15 AM,0.3,44.0,0.0,No flow,7.7,620,6.6,19.5,18.0,100.0,> 0.25,,
80926,Cypress Creek @ Rr12,Guadalupe,Hays,29.9963,-98.0981,1815,12/9/2020,9:15 AM,0.3,10.0,0.0,Normal,7.51,646,,6,11.0,,0.3,,
80926,Cypress Creek @ Rr12,Guadalupe,Hays,29.9963,-98.0981,1815,12/9/2020,9:15 AM,0.3,10.0,0.0,Normal,,,,,,,,,
80415,Cypress Creek @ Blue Hole,Guadalupe,Hays,30.0039,-98.0909,1815,12/9/2020,9:30 AM,0.5,10.0,0.0,Low,7.52,645,,7,13.0,,> 2.5,,
80415,Cypress Creek @ Blue Hole,Guadalupe,Hays,30.0039,-98.0909,1815,12/9/2020,9:30 AM,0.5,10.0,0.0,Normal,,,,,,,,,
12677,Cypress Creek @ Jacob'S Well,Guadalupe,Hays,30.0339,-98.1256,1815,12/9/2020,10:10 AM,0.5,10.0,0.0,Low,7.03,625,,14,20.0,,> 0.9,,
12677,Cypress Creek @ Jacob'S Well,Guadalupe,Hays,30.0339,-98.1256,1815,12/9/2020,10:10 AM,0.5,10.0,0.0,Low,,,,,,,,,
80502,Cypress Creek @ Woodcreek Drive,Guadalupe,Hays,30.0209,-98.1174,1815,12/12/2020,11:20 AM,0.3,12.0,0.0,Low,7,590,7.6,12.5,13.0,,> 1.1,,
80443,Cypress Creek @ Old Kyle Road Upstream Of Bridge And Dam,Guadalupe,Hays,29.99721,-98.09675,1815,12/19/2020,9:15 AM,0.3,0.0,0.5,Normal,8.1,570,7.85,14.5,13.5,240.0,> 0.7,,
80443,Cypress Creek @ Old Kyle Road Upstream Of Bridge And Dam,Guadalupe,Hays,29.99721,-98.09675,1815,1/15/2021,9:00 AM,0.3,5.0,0.0,Normal,8,580,9.1,46,9.0,60.0,> 0.75,,
80502,Cypress Creek @ Woodcreek Drive,Guadalupe,Hays,30.0209,-98.1174,1815,1/25/2021,4:00 PM,0.3,0.0,0.0,Normal,7.3,570,7.3,22,17.9,,,,
12677,Cypress Creek @ Jacob'S Well,Guadalupe,Hays,30.0339,-98.1256,1815,1/29/2021,10:30 AM,1,5.0,0.0,Low,7.06,679,0.56,9,20.0,,> 1,,
80443,Cypress Creek @ Old Kyle Road Upstream Of Bridge And Dam,Guadalupe,Hays,29.99721,-98.09675,1815,2/22/2021,9:30 AM,0.3,,0.0,Low,8.1,580,9.0,9,10.5,0.0,> 0.75,,
80415,Cypress Creek @ Blue Hole,Guadalupe,Hays,30.0039,-98.0909,1815,3/17/2021,8:50 AM,0,,,,,,,,,26.65,,,
80415,Cypress Creek @ Blue Hole,Guadalupe,Hays,30.0039,-98.0909,1815,3/17/2021,8:50 AM,0.5,0.0,0.0,Low,7,861,2.65,18,18.0,,2,,
12677,Cypress Creek @ Jacob'S Well,Guadalupe,Hays,30.0339,-98.1256,1815,3/17/2021,9:45 AM,1,2.0,7.0,Low,6.99,806,2.75,17,21.0,,1,,
12677,Cypress Creek @ Jacob'S Well,Guadalupe,Hays,30.0339,-98.1256,1815,3/17/2021,8:50 AM,0,,,,,,,,,26.65,,,
80415,Cypress Creek @ Blue Hole,Guadalupe,Hays,30.0039,-98.0909,1815,5/14/2021,10:40 AM,0.5,2.0,0.5,Low,6.99,639,1.61,24,20.0,,,,
80415,Cypress Creek @ Blue Hole,Guadalupe,Hays,30.0039,-98.0909,1815,5/14/2021,10:40 AM,0.5,,,,,,,,,0.0,,,
12677,Cypress Creek @ Jacob'S Well,Guadalupe,Hays,30.0339,-98.1256,1815,5/14/2021,11:25 AM,0.5,2.0,0.5,Low,6.99,500,,23,22.0,,,,
12677,Cypress Creek @ Jacob'S Well,Guadalupe,Hays,30.0339,-98.1256,1815,5/14/2021,11:25 AM,0.5,,,,,,,,,0.0,,,
80926,Cypress Creek @ Rr12,Guadalupe,Hays,29.9963,-98.0981,1815,5/15/2021,8:20 AM,0.66,0.0,0.5,Normal,7.4,620,7.03,18,19.7,,> 0.66,,
80926,Cypress Creek @ Rr12,Guadalupe,Hays,29.9963,-98.0981,1815,5/15/2021,8:20 AM,0.66,0.0,0.5,Normal,,,,,,0.0,,,
80926,Cypress Creek @ Rr12,Guadalupe,Hays,29.9963,-98.0981,1815,5/15/2021,8:20 AM,,,,,,,,,,,,,
80443,Cypress Creek @ Old Kyle Road Upstream Of Bridge And Dam,Guadalupe,Hays,29.99721,-98.09675,1815,5/15/2021,9:05 AM,1.32,0.0,0.5,Normal,7.4,630,7.0,20,19.9,,> 1.32,,
80443,Cypress Creek @ Old Kyle Road Upstream Of Bridge And Dam,Guadalupe,Hays,29.99721,-98.09675,1815,5/15/2021,9:05 AM,1.32,0.0,0.5,Normal,,,,,,0.0,,,
80926,Cypress Creek @ Rr12,Guadalupe,Hays,29.9963,-98.0981,1815,6/12/2021,8:26 AM,0.16,4.0,0.0,Normal,7.4,610,7.15,24.5,24.5,,>,,
80926,Cypress Creek @ Rr12,Guadalupe,Hays,29.9963,-98.0981,1815,6/12/2021,8:26 AM,0.16,4.0,0.0,Normal,,,,,,30.0,,,
80443,Cypress Creek @ Old Kyle Road Upstream Of Bridge And Dam,Guadalupe,Hays,29.99721,-98.09675,1815,6/12/2021,9:15 AM,0.3,4.0,0.0,Normal,7.4,610,7.05,26,24.5,,>,,
80443,Cypress Creek @ Old Kyle Road Upstream Of Bridge And Dam,Guadalupe,Hays,29.99721,-98.09675,1815,6/12/2021,9:15 AM,0.3,4.0,0.0,Normal,,,,,,110.0,,,
80926,Cypress Creek @ Rr12,Guadalupe,Hays,29.9963,-98.0981,1815,7/11/2021,9:18 AM,0.16,0.0,0.22,Normal,,,,,,170.0,,,
80926,Cypress Creek @ Rr12,Guadalupe,Hays,29.9963,-98.0981,1815,7/11/2021,9:18 AM,0.16,0.0,0.22,Normal,7.4,600,6.85,24.5,24.8,,> 0.56,,
80443,Cypress Creek @ Old Kyle Road Upstream Of Bridge And Dam,Guadalupe,Hays,29.99721,-98.09675,1815,7/11/2021,9:50 AM,0.3,0.0,0.22,Low,7.4,610,6.55,25,25.0,,>,,
80443,Cypress Creek @ Old Kyle Road Upstream Of Bridge And Dam,Guadalupe,Hays,29.99721,-98.09675,1815,7/11/2021,9:50 AM,0.3,0.0,0.22,Normal,,,,,,300.0,,,
80415,Cypress Creek @ Blue Hole,Guadalupe,Hays,30.0039,-98.0909,1815,7/19/2021,8:30 AM,0.5,5.0,0.0,Low,6.98,561,1.24,23,26.0,,> 3,,
80415,Cypress Creek @ Blue Hole,Guadalupe,Hays,30.0039,-98.0909,1815,7/19/2021,8:30 AM,0.5,,,,,,,,,0.0,,,
12677,Cypress Creek @ Jacob'S Well,Guadalupe,Hays,30.0339,-98.1256,1815,7/19/2021,9:15 AM,0.5,5.0,0.0,Low,Data error,595,0.11,26,22.0,,> 7,,
12677,Cypress Creek @ Jacob'S Well,Guadalupe,Hays,30.0339,-98.1256,1815,7/19/2021,9:15 AM,0.5,,,,,,,,,0.0,,,
80926,Cypress Creek @ Rr12,Guadalupe,Hays,29.9963,-98.0981,1815,9/12/2021,9:55 AM,0.16,6.0,0.0,Low,7.4,620,6.9,24,22.9,,> 0.3,,
80443,Cypress Creek @ Old Kyle Road Upstream Of Bridge And Dam,Guadalupe,Hays,29.99721,-98.09675,1815,9/12/2021,10:37 AM,0.3,6.0,0.0,Low,7.4,620,6.4,25.5,23.3,,>,,
80415,Cypress Creek @ Blue Hole,Guadalupe,Hays,30.0039,-98.0909,1815,9/17/2021,8:10 AM,0.5,4.0,0.0,Low,7.01,Data error,0.08,20,24.0,,> 2,,
80415,Cypress Creek @ Blue Hole,Guadalupe,Hays,30.0039,-98.0909,1815,9/17/2021,8:10 AM,0.5,,,,,,,,,0.0,,,
12677,Cypress Creek @ Jacob'S Well,Guadalupe,Hays,30.0339,-98.1256,1815,9/17/2021,8:58 AM,0.5,0.0,1.0,Low,7.01,493,0.56,21,23.0,,> 7,,
12677,Cypress Creek @ Jacob'S Well,Guadalupe,Hays,30.0339,-98.1256,1815,9/17/2021,8:58 AM,0.5,,,,,,,,,0.0,,,
80926,Cypress Creek @ Rr12,Guadalupe,Hays,29.9963,-98.0981,1815,10/18/2021,9:22 AM,0.25,3.0,6.0,Normal,7.5,590,8.5,13,18.3,,> 0.25,,
80443,Cypress Creek @ Old Kyle Road Upstream Of Bridge And Dam,Guadalupe,Hays,29.99721,-98.09675,1815,10/18/2021,10:00 AM,0.35,3.0,6.0,Normal,7.5,590,8.35,15.9,17.9,,> 1.35,,
80926,Cypress Creek @ Rr12,Guadalupe,Hays,29.9963,-98.0981,1815,11/14/2021,9:00 AM,0.1,10.0,0.0,Normal,7.4,610,8.4,17,16.5,,>,,
80443,Cypress Creek @ Old Kyle Road Upstream Of Bridge And Dam,Guadalupe,Hays,29.99721,-98.09675,1815,11/14/2021,9:40 AM,0.35,10.0,0.0,Normal,7.4,610,8.2,19.5,17.1,,>,,
80415,Cypress Creek @ Blue Hole,Guadalupe,Hays,30.0039,-98.0909,1815,11/15/2021,9:15 AM,0.5,11.0,0.0,Low,6.99,613,,18,18.0,,,,
80415,Cypress Creek @ Blue Hole,Guadalupe,Hays,30.0039,-98.0909,1815,11/15/2021,9:15 AM,0.5,,,,,,,,,,,,
12677,Cypress Creek @ Jacob'S Well,Guadalupe,Hays,30.0339,-98.1256,1815,11/15/2021,8:25 AM,0.5,11.0,0.0,Low,6.99,620,,17,20.0,,,,
12677,Cypress Creek @ Jacob'S Well,Guadalupe,Hays,30.0339,-98.1256,1815,11/15/2021,8:25 AM,0.5,,,,,,,,,,,,
80415,Cypress Creek @ Blue Hole,Guadalupe,Hays,30.0039,-98.0909,1815,1/26/2022,9:45 AM,0.6,2.0,0.12,Normal,7.04,791,8.36,9,13.0,,> 2,,
80415,Cypress Creek @ Blue Hole,Guadalupe,Hays,30.0039,-98.0909,1815,1/26/2022,10:30 AM,0.5,,,,,,,,,0.0,,,
12677,Cypress Creek @ Jacob'S Well,Guadalupe,Hays,30.0339,-98.1256,1815,1/26/2022,10:30 AM,0.5,,,,,,,,,0.0,,,
12677,Cypress Creek @ Jacob'S Well,Guadalupe,Hays,30.0339,-98.1256,1815,1/26/2022,10:30 AM,0.5,2.0,0.12,Normal,7.04,667,7.67,10,17.4,,> 8,,
80926,Cypress Creek @ Rr12,Guadalupe,Hays,29.9963,-98.0981,1815,3/13/2022,9:35 AM,0.11,5.0,0.0,Normal,7.5,610,10.6,8.5,10.9,,> 0.11,,
80443,Cypress Creek @ Old Kyle Road Upstream Of Bridge And Dam,Guadalupe,Hays,29.99721,-98.09675,1815,3/13/2022,10:15 AM,1.48,5.0,0.0,Normal,7.5,620,9.8,11,10.8,,> 1.48,,
12677,Cypress Creek @ Jacob'S Well,Guadalupe,Hays,30.0339,-98.1256,1815,3/30/2022,9:40 AM,0.5,0.0,0.15,Low,7,612,7.56,19,20.0,,,,
12677,Cypress Creek @ Jacob'S Well,Guadalupe,Hays,30.0339,-98.1256,1815,3/30/2022,9:40 AM,0.5,0.0,0.15,Low,,,,,,66.65,,,
80926,Cypress Creek @ Rr12,Guadalupe,Hays,29.9963,-98.0981,1815,4/9/2022,9:00 AM,0.15,10.0,0.0,Normal,7.6,620,8.45,13.5,15.5,,>,,
80926,Cypress Creek @ Rr12,Guadalupe,Hays,29.9963,-98.0981,1815,4/9/2022,9:00 AM,0.15,,,,,,,,,130.0,,,
80443,Cypress Creek @ Old Kyle Road Upstream Of Bridge And Dam,Guadalupe,Hays,29.99721,-98.09675,1815,4/9/2022,9:30 AM,0.3,10.0,0.0,Normal,7.6,620,8.55,20,16.8,,0.54,,
80443,Cypress Creek @ Old Kyle Road Upstream Of Bridge And Dam,Guadalupe,Hays,29.99721,-98.09675,1815,4/9/2022,9:30 AM,0.3,,,,,,,,,100.0,,,
80926,Cypress Creek @ Rr12,Guadalupe,Hays,29.9963,-98.0981,1815,5/14/2022,8:40 AM,0.15,9.0,0.0,Normal,7.6,620,5.95,23.5,23.1,,> 0.3,,
80926,Cypress Creek @ Rr12,Guadalupe,Hays,29.9963,-98.0981,1815,5/14/2022,8:40 AM,0.15,,,,,,,,,160.0,,,
80443,Cypress Creek @ Old Kyle Road Upstream Of Bridge And Dam,Guadalupe,Hays,29.99721,-98.09675,1815,5/14/2022,9:15 AM,0.3,9.0,0.0,Normal,7.5,620,6.3,24.5,22.9,,> 2.22,,
80443,Cypress Creek @ Old Kyle Road Upstream Of Bridge And Dam,Guadalupe,Hays,29.99721,-98.09675,1815,5/14/2022,9:15 AM,0.3,,,,,,,,,100.0,,,
80415,Cypress Creek @ Blue Hole,Guadalupe,Hays,30.0039,-98.0909,1815,5/16/2022,8:10 AM,2,10.0,0.0,Low,,,,,,483.1,,,
80415,Cypress Creek @ Blue Hole,Guadalupe,Hays,30.0039,-98.0909,1815,5/16/2022,8:10 AM,2,10.0,0.0,Low,6.99,657,,24,23.0,,1,,
12677,Cypress Creek @ Jacob'S Well,Guadalupe,Hays,30.0339,-98.1256,1815,5/16/2022,9:47 AM,1,10.0,0.0,No flow,,,,,,233.25,,,
12677,Cypress Creek @ Jacob'S Well,Guadalupe,Hays,30.0339,-98.1256,1815,5/16/2022,9:47 AM,1,10.0,0.0,Low,6.99,657,,24,23.0,,,,
80415,Cypress Creek @ Blue Hole,Guadalupe,Hays,30.0039,-98.0909,1815,6/25/2022,7:40 AM,0.5,24.0,0.0,Low,6.98,668,,24,23.0,,,,
80415,Cypress Creek @ Blue Hole,Guadalupe,Hays,30.0039,-98.0909,1815,6/25/2022,7:40 AM,0.5,24.0,0.0,Low,,,,,,16.67,,,
12677,Cypress Creek @ Jacob'S Well,Guadalupe,Hays,30.0339,-98.1256,1815,6/25/2022,8:20 AM,0.5,24.0,0.0,No flow,7.03,1392,,26,24.0,,,,
12677,Cypress Creek @ Jacob'S Well,Guadalupe,Hays,30.0339,-98.1256,1815,6/25/2022,8:20 AM,0.5,24.0,0.0,No flow,,,,,,449.85,,,
80415,Cypress Creek @ Blue Hole,Guadalupe,Hays,30.0039,-98.0909,1815,7/8/2022,8:02 AM,0.5,9.0,0.0,Low,7,634,,26,26.0,,1.5,,
80415,Cypress Creek @ Blue Hole,Guadalupe,Hays,30.0039,-98.0909,1815,7/8/2022,8:02 AM,0.5,9.0,0.0,Low,,,,,,183.25,,,
12677,Cypress Creek @ Jacob'S Well,Guadalupe,Hays,30.0339,-98.1256,1815,7/8/2022,8:44 AM,0.5,9.0,0.0,Low,6.98,581,,25,21.0,,7.5,,
12677,Cypress Creek @ Jacob'S Well,Guadalupe,Hays,30.0339,-98.1256,1815,7/8/2022,8:44 AM,0.5,9.0,0.0,Low,,,,,,33.3,,,
81688,Tceq Site 12676 - Cypress Creek At Rr12 (The Cottages),Guadalupe,Hays,30.01236,-98.10458,1815,7/14/2022,10:00 AM,0.3,,,Low,7.5,584,5.25,31,24.0,,,> 1.2,
81688,Tceq Site 12676 - Cypress Creek At Rr12 (The Cottages),Guadalupe,Hays,30.01236,-98.10458,1815,8/10/2022,9:53 AM,0.3,,,Low,7,609,4.95,29,24.0,,,> 1.2,
81688,Tceq Site 12676 - Cypress Creek At Rr12 (The Cottages),Guadalupe,Hays,30.01236,-98.10458,1815,9/15/2022,10:00 AM,0.3,,,Normal,7,589,4.85,23,23.2,,,> 1.2,
80415,Cypress Creek @ Blue Hole,Guadalupe,Hays,30.0039,-98.0909,1815,9/24/2022,8:15 AM,0.5,16.0,0.0,No flow,6.99,694,0.23,21,21.0,,2,,
80415,Cypress Creek @ Blue Hole,Guadalupe,Hays,30.0039,-98.0909,1815,9/24/2022,8:15 AM,0.5,16.0,0.0,No flow,,,,,,139.95,,,
12677,Cypress Creek @ Jacob'S Well,Guadalupe,Hays,30.0339,-98.1256,1815,9/24/2022,9:00 AM,0.5,16.0,0.0,No flow,6.99,720,0.34,23,21.0,,7,,
12677,Cypress Creek @ Jacob'S Well,Guadalupe,Hays,30.0339,-98.1256,1815,9/24/2022,9:00 AM,0.5,16.0,0.0,No flow,,,,,,0.0,,,
81699,Blanco River At Fm165 Â½ Mile East Of Blanco,Guadalupe,Blanco,30.091041,-98.401631,1813,10/4/2022,4:25 PM,0.2,,0.0,Low,9.2,510,8.6,28,26.0,,,,
81688,Tceq Site 12676 - Cypress Creek At Rr12 (The Cottages),Guadalupe,Hays,30.01236,-98.10458,1815,10/13/2022,10:00 AM,0.3,,,Low,7.5,587,5.0,24,22.0,,,> 1.2,
81688,Tceq Site 12676 - Cypress Creek At Rr12 (The Cottages),Guadalupe,Hays,30.01236,-98.10458,1815,10/14/2022,10:00 AM,0.305,,,Low,,,,,,73.3,,,
81699,Blanco River At Fm165 Â½ Mile East Of Blanco,Guadalupe,Blanco,30.091041,-98.401631,1813,11/1/2022,4:48 PM,0.03,1.0,0.12,Low,8.2,531,8.0,20,23.0,,,,
81688,Tceq Site 12676 - Cypress Creek At Rr12 (The Cottages),Guadalupe,Hays,30.01236,-98.10458,1815,11/15/2022,10:00 AM,0.3,,,Low,7.5,591,6.6,6.5,13.5,,,> 1.2,
12677,Cypress Creek @ Jacob'S Well,Guadalupe,Hays,30.0339,-98.1256,1815,11/26/2022,9:10 AM,0.5,0.0,1.63,Normal,7.1,661,,11,21.0,,> 8,,
81688,Tceq Site 12676 - Cypress Creek At Rr12 (The Cottages),Guadalupe,Hays,30.01236,-98.10458,1815,12/14/2022,10:00 AM,0.3,,,Normal,7.5,597,5.25,16.5,19.0,,,> 1.2,
81688,Tceq Site 12676 - Cypress Creek At Rr12 (The Cottages),Guadalupe,Hays,30.01236,-98.10458,1815,12/14/2022,10:00 AM,0.3,,,,,,,,,30.0,,,
81688,Tceq Site 12676 - Cypress Creek At Rr12 (The Cottages),Guadalupe,Hays,30.01236,-98.10458,1815,6/12/2025,9:50:00 AM,0.3,,,,,,,,,0.0,,,
81688,Tceq Site 12676 - Cypress Creek At Rr12 (The Cottages),Guadalupe,Hays,30.01236,-98.10458,1815,4/17/2025,10:25:00 AM,0.3,,,,,,,,,,,,
81688,Tceq Site 12676 - Cypress Creek At Rr12 (The Cottages),Guadalupe,Hays,30.01236,-98.10458,1815,3/13/2025,9:45:00 AM,0.3,,,,,,,,,,,,
81335,Tceq Site 12665 - Blanco River @ Fischer Store Road,Guadalupe,Hays,30.00063,-98.20012,1813,2/22/2025,9:18:00 AM,0.3,,,Normal,7,586,9.1,0,10.6,,,,
81688,Tceq Site 12676 - Cypress Creek At Rr12 (The Cottages),Guadalupe,Hays,30.01236,-98.10458,1815,2/14/2025,9:57:00 AM,0.3,,,Normal,8,656,9.6,2,11.0,,,,
81688,Tceq Site 12676 - Cypress Creek At Rr12 (The Cottages),Guadalupe,Hays,30.01236,-98.10458,1815,2/13/2025,9:57:00 AM,0.3,,,,,,,,,70.0,,,
81335,Tceq Site 12665 - Blanco River @ Fischer Store Road,Guadalupe,Hays,30.00063,-98.20012,1813,1/19/2025,9:26:00 AM,0.3,,,Low,7,609,8.9,,9.8,,,,
81688,Tceq Site 12676 - Cypress Creek At Rr12 (The Cottages),Guadalupe,Hays,30.01236,-98.10458,1815,1/14/2025,10:00:00 AM,0.3,,,,,,,,,,,,
81688,Tceq Site 12676 - Cypress Creek At Rr12 (The Cottages),Guadalupe,Hays,30.01236,-98.10458,1815,1/14/2025,10:00:00 AM,0.3,,,Normal,7.5,674,8.6,8,14.0,,,,
81335,Tceq Site 12665 - Blanco River @ Fischer Store Road,Guadalupe,Hays,30.00063,-98.20012,1813,12/19/2024,9:20:00 AM,0.3,,,Normal,7,596,7.1,12,16.2,,,,
81688,Tceq Site 12676 - Cypress Creek At Rr12 (The Cottages),Guadalupe,Hays,30.01236,-98.10458,1815,12/12/2024,9:57:00 AM,0.3,,,,,,,,,0.0,,,
81688,Tceq Site 12676 - Cypress Creek At Rr12 (The Cottages),Guadalupe,Hays,30.01236,-98.10458,1815,12/12/2024,9:57:00 AM,0.3,,,Normal,8,704,7.0,13,16.0,,,,
81335,Tceq Site 12665 - Blanco River @ Fischer Store Road,Guadalupe,Hays,30.00063,-98.20012,1813,11/21/2024,9:48:00 AM,0.3,,,Low,7,550,7.2,12.5,15.5,,,,
81688,Tceq Site 12676 - Cypress Creek At Rr12 (The Cottages),Guadalupe,Hays,30.01236,-98.10458,1815,11/14/2024,10:00:00 AM,0.3,,,,,,,,,,,,
81688,Tceq Site 12676 - Cypress Creek At Rr12 (The Cottages),Guadalupe,Hays,30.01236,-98.10458,1815,11/14/2024,10:00:00 AM,0.3,,,Low,8,695,6.7,18,17.0,,,,
81335,Tceq Site 12665 - Blanco River @ Fischer Store Road,Guadalupe,Hays,30.00063,-98.20012,1813,10/20/2024,9:06:00 AM,0.3,,,Low,7,609,5.0,21,20.7,,,,
81688,Tceq Site 12676 - Cypress Creek At Rr12 (The Cottages),Guadalupe,Hays,30.01236,-98.10458,1815,10/15/2024,9:54:00 AM,0.3,,,,,,,,,40.0,,,
81688,Tceq Site 12676 - Cypress Creek At Rr12 (The Cottages),Guadalupe,Hays,30.01236,-98.10458,1815,10/15/2024,9:54:00 AM,0.3,,,Low,8,713,6.0,25,20.0,,,,
81335,Tceq Site 12665 - Blanco River @ Fischer Store Road,Guadalupe,Hays,30.00063,-98.20012,1813,9/19/2024,9:21:00 AM,0.3,,,Low,6.9,600,4.3,29,29.9,,,,
81688,Tceq Site 12676 - Cypress Creek At Rr12 (The Cottages),Guadalupe,Hays,30.01236,-98.10458,1815,9/13/2024,9:20:00 AM,0.3,,,Normal,8,668,4.8,26,25.0,,,,
81335,Tceq Site 12665 - Blanco River @ Fischer Store Road,Guadalupe,Hays,30.00063,-98.20012,1813,8/19/2024,9:05:00 AM,0.3,,,Low,6.9,608,4.6,26,26.5,,,,
81688,Tceq Site 12676 - Cypress Creek At Rr12 (The Cottages),Guadalupe,Hays,30.01236,-98.10458,1815,8/12/2024,9:58:00 AM,0.3,,,,,,,,,,,,
81688,Tceq Site 12676 - Cypress Creek At Rr12 (The Cottages),Guadalupe,Hays,30.01236,-98.10458,1815,8/12/2024,9:58:00 AM,0.3,,,Normal,8,698,4.9,31,25.0,,,,
81699,Blanco River At Fm165 ½ Mile East Of Blanco,Guadalupe,Blanco,30.09104,-98.40163,1813,8/10/2024,11:06:00 AM,0.3,5.0,0.0,Normal,8.5,,8.4,31.5,32.0,,> 0.88,,
81335,Tceq Site 12665 - Blanco River @ Fischer Store Road,Guadalupe,Hays,30.00063,-98.20012,1813,7/22/2024,9:48:00 AM,0.3,,,Low,7,609,5.4,28,26.0,,,,
81688,Tceq Site 12676 - Cypress Creek At Rr12 (The Cottages),Guadalupe,Hays,30.01236,-98.10458,1815,7/19/2024,9:58:00 AM,0.3,,,,,,,,,60.0,,,
81688,Tceq Site 12676 - Cypress Creek At Rr12 (The Cottages),Guadalupe,Hays,30.01236,-98.10458,1815,7/19/2024,9:58:00 AM,0.3,,,Normal,8,729,5.3,27,24.0,,,,
81699,Blanco River At Fm165 ½ Mile East Of Blanco,Guadalupe,Blanco,30.09104,-98.40163,1813,7/14/2024,9:59:00 AM,0.3,2.0,0.3,Normal,8.5,,6.1,30,28.0,,> 0.9,,
81688,Tceq Site 12676 - Cypress Creek At Rr12 (The Cottages),Guadalupe,Hays,30.01236,-98.10458,1815,6/14/2024,9:57:00 AM,0.3,,,,,,,,,,,,
81688,Tceq Site 12676 - Cypress Creek At Rr12 (The Cottages),Guadalupe,Hays,30.01236,-98.10458,1815,5/14/2024,10:11:00 AM,0.3,,,,,,,,,0.0,,,
81688,Tceq Site 12676 - Cypress Creek At Rr12 (The Cottages),Guadalupe,Hays,30.01236,-98.10458,1815,5/14/2024,10:11:00 AM,0.3,,,Normal,8,717,4.4,25,20.0,,,,
81688,Tceq Site 12676 - Cypress Creek At Rr12 (The Cottages),Guadalupe,Hays,30.01236,-98.10458,1815,4/16/2024,9:57:00 AM,0.3,,,Normal,8,740,5.3,22,18.5,,,,
81688,Tceq Site 12676 - Cypress Creek At Rr12 (The Cottages),Guadalupe,Hays,30.01236,-98.10458,1815,4/16/2024,9:57:00 AM,0.3,,,,,,,,,,,,
81699,Blanco River At Fm165 ½ Mile East Of Blanco,Guadalupe,Blanco,30.09104,-98.40163,1813,4/15/2024,11:30:00 AM,0.3,3.0,0.0,Normal,7.5,466,5.1,25,24.0,,> 0.5,,
12677,Cypress Creek @ Jacob'S Well,Guadalupe,Hays,30.0339,-98.1256,1815,3/21/2024,1:10:00 PM,,,,,,,,,,,,,
81699,Blanco River At Fm165 ½ Mile East Of Blanco,Guadalupe,Blanco,30.09104,-98.40163,1813,3/16/2024,11:45:00 AM,0.3,1.0,0.09,Normal,5.8,,6.6,18,20.0,,> 0.8,,
81688,Tceq Site 12676 - Cypress Creek At Rr12 (The Cottages),Guadalupe,Hays,30.01236,-98.10458,1815,3/14/2024,9:48:00 AM,0.3,,,,,,,,,50.0,,,
81688,Tceq Site 12676 - Cypress Creek At Rr12 (The Cottages),Guadalupe,Hays,30.01236,-98.10458,1815,3/14/2024,9:48:00 AM,0.3,,,Normal,7.5,748,6.5,21.8,18.0,,,,
81688,Tceq Site 12676 - Cypress Creek At Rr12 (The Cottages),Guadalupe,Hays,30.01236,-98.10458,1815,2/15/2024,9:55:00 AM,0.3,,,,,,,,,,,,
81688,Tceq Site 12676 - Cypress Creek At Rr12 (The Cottages),Guadalupe,Hays,30.01236,-98.10458,1815,2/15/2024,9:55:00 AM,0.3,,,Normal,8,743,7.9,14.5,15.0,,,,
81688,Tceq Site 12676 - Cypress Creek At Rr12 (The Cottages),Guadalupe,Hays,30.01236,-98.10458,1815,1/12/2024,9:57:00 AM,0.3,,,,,,,,,280.0,,,
81688,Tceq Site 12676 - Cypress Creek At Rr12 (The Cottages),Guadalupe,Hays,30.01236,-98.10458,1815,1/12/2024,9:57:00 AM,0.3,,,Normal,8,792,7.6,8,14.5,,,,
81688,Tceq Site 12676 - Cypress Creek At Rr12 (The Cottages),Guadalupe,Hays,30.01236,-98.10458,1815,12/13/2023,10:02:00 AM,0.3,,,Low,8,755,5.5,12,18.5,,,,
12677,Cypress Creek @ Jacob'S Well,Guadalupe,Hays,30.0339,-98.1256,1815,11/25/2023,10:00:00 AM,0.5,5.0,,No flow,7.1,642,,13,20.0,,> 6,,
80415,Cypress Creek @ Blue Hole,Guadalupe,Hays,30.0039,-98.0909,1815,11/25/2023,9:15:00 AM,0.5,5.0,,No flow,7.1,788,,11,16.0,,> 1.3,,
80415,Cypress Creek @ Blue Hole,Guadalupe,Hays,30.0039,-98.0909,1815,11/25/2023,9:15:00 AM,0.5,,,,,,,,,0.0,,,
81688,Tceq Site 12676 - Cypress Creek At Rr12 (The Cottages),Guadalupe,Hays,30.01236,-98.10458,1815,11/15/2023,9:47:00 AM,0.3,,,,,,,,,90.0,,,
81688,Tceq Site 12676 - Cypress Creek At Rr12 (The Cottages),Guadalupe,Hays,30.01236,-98.10458,1815,11/15/2023,9:47:00 AM,0.3,,,Low,8,722,5.7,17,18.0,,,,
81688,Tceq Site 12676 - Cypress Creek At Rr12 (The Cottages),Guadalupe,Hays,30.01236,-98.10458,1815,10/18/2023,10:00:00 AM,0.3,,,Low,8,724,5.1,19,16.0,,> 1.2,,
12677,Cypress Creek @ Jacob'S Well,Guadalupe,Hays,30.0339,-98.1256,1815,9/23/2023,10:00:00 AM,0.5,,0.0,No flow,7,410,,25,28.0,,3,,
12677,Cypress Creek @ Jacob'S Well,Guadalupe,Hays,30.0339,-98.1256,1815,9/23/2023,10:00:00 AM,0.5,,,,,,,,,0.0,,,
80415,Cypress Creek @ Blue Hole,Guadalupe,Hays,30.0039,-98.0909,1815,9/23/2023,8:45:00 AM,0.5,6.0,0.0,No flow,7,,,26,25.0,,> 1,,
80415,Cypress Creek @ Blue Hole,Guadalupe,Hays,30.0039,-98.0909,1815,9/23/2023,8:45:00 AM,0.5,,,,,,,,,0.0,,,
12677,Cypress Creek @ Jacob'S Well,Guadalupe,Hays,30.0339,-98.1256,1815,9/14/2023,11:51:00 AM,,,,,,,,,,,,,
81688,Tceq Site 12676 - Cypress Creek At Rr12 (The Cottages),Guadalupe,Hays,30.01236,-98.10458,1815,9/12/2023,10:03:00 AM,0.3,,,,,,,,,110.0,,,
81688,Tceq Site 12676 - Cypress Creek At Rr12 (The Cottages),Guadalupe,Hays,30.01236,-98.10458,1815,9/12/2023,10:03:00 AM,0.3,,,No flow,8,723,4.7,26,23.0,,,1.2,
12677,Cypress Creek @ Jacob'S Well,Guadalupe,Hays,30.0339,-98.1256,1815,8/23/2023,1:55:00 PM,0.3,,0.2,No flow,9.3,326,,35,32.7,,,,
81688,Tceq Site 12676 - Cypress Creek At Rr12 (The Cottages),Guadalupe,Hays,30.01236,-98.10458,1815,8/9/2023,9:46:00 AM,0.3,,,Low,8,744,3.5,30,24.5,,,,
81688,Tceq Site 12676 - Cypress Creek At Rr12 (The Cottages),Guadalupe,Hays,30.01236,-98.10458,1815,8/9/2023,9:46:00 AM,0.3,,,,,,,,,50.0,,,
81688,Tceq Site 12676 - Cypress Creek At Rr12 (The Cottages),Guadalupe,Hays,30.01236,-98.10458,1815,7/13/2023,9:45:00 AM,0.3,,,,,,,,,,,,1.0
81688,Tceq Site 12676 - Cypress Creek At Rr12 (The Cottages),Guadalupe,Hays,30.01236,-98.10458,1815,7/13/2023,9:45:00 AM,0.3,,,Low,8,725,4.0,29.5,24.5,,,,
80415,Cypress Creek @ Blue Hole,Guadalupe,Hays,30.0039,-98.0909,1815,7/8/2023,8:15:00 AM,0.5,1.0,0.14,No flow,7,834,,25,25.0,,,,
80415,Cypress Creek @ Blue Hole,Guadalupe,Hays,30.0039,-98.0909,1815,7/8/2023,8:15:00 AM,0.5,,,,,,,,,0.0,,,
12677,Cypress Creek @ Jacob'S Well,Guadalupe,Hays,30.0339,-98.1256,1815,7/8/2023,9:00:00 AM,0.5,,,,,,,,,0.0,,,
12677,Cypress Creek @ Jacob'S Well,Guadalupe,Hays,30.0339,-98.1256,1815,7/8/2023,9:00:00 AM,0.5,1.0,0.14,No flow,7,840,,27,24.0,,,,
81688,Tceq Site 12676 - Cypress Creek At Rr12 (The Cottages),Guadalupe,Hays,30.01236,-98.10458,1815,6/16/2023,9:55:00 AM,0.3,,,,,,,,,110.0,,,
81688,Tceq Site 12676 - Cypress Creek At Rr12 (The Cottages),Guadalupe,Hays,30.01236,-98.10458,1815,6/15/2023,9:55:00 AM,0.3,,,Normal,8,688,3.6,27,23.0,,,1.2,
12677,Cypress Creek @ Jacob'S Well,Guadalupe,Hays,30.0339,-98.1256,1815,5/26/2023,8:30:00 AM,0.5,3.0,1.05,Low,7,,305.9,22,21.0,,> 7,,
80415,Cypress Creek @ Blue Hole,Guadalupe,Hays,30.0039,-98.0909,1815,5/26/2023,7:50:00 AM,0.5,3.0,1.05,No flow,7,,,19,21.0,,>,,
80415,Cypress Creek @ Blue Hole,Guadalupe,Hays,30.0039,-98.0909,1815,5/26/2023,7:50:00 AM,0.5,,,,,,,,,,,,
12677,Cypress Creek @ Jacob'S Well,Guadalupe,Hays,30.0339,-98.1256,1815,5/26/2023,8:30:00 AM,0.5,,,,,,,,,,,,
81688,Tceq Site 12676 - Cypress Creek At Rr12 (The Cottages),Guadalupe,Hays,30.01236,-98.10458,1815,5/12/2023,10:15:00 AM,0.3,,,,,,,,,,,,1.0
81688,Tceq Site 12676 - Cypress Creek At Rr12 (The Cottages),Guadalupe,Hays,30.01236,-98.10458,1815,5/12/2023,10:15:00 AM,0.3,,,Low,7,675,3.4,21,18.0,,,,
81688,Tceq Site 12676 - Cypress Creek At Rr12 (The Cottages),Guadalupe,Hays,30.01236,-98.10458,1815,4/14/2023,9:40:00 AM,0.3,,,,,,,,,30.0,,,
81688,Tceq Site 12676 - Cypress Creek At Rr12 (The Cottages),Guadalupe,Hays,30.01236,-98.10458,1815,4/14/2023,9:40:00 AM,0.3,,,Low,7.5,658,4.8,19,18.0,,,,
80415,Cypress Creek @ Blue Hole,Guadalupe,Hays,30.0039,-98.0909,1815,3/24/2023,7:30:00 AM,0.5,3.0,0.13,Low,7,495,,21,19.0,,> 2,,
80415,Cypress Creek @ Blue Hole,Guadalupe,Hays,30.0039,-98.0909,1815,3/24/2023,7:49:00 AM,0.5,,,,,,,,,,,,
12677,Cypress Creek @ Jacob'S Well,Guadalupe,Hays,30.0339,-98.1256,1815,3/24/2023,7:30:00 AM,0.5,3.0,0.13,Low,7,733,,20,21.0,,,,
12677,Cypress Creek @ Jacob'S Well,Guadalupe,Hays,30.0339,-98.1256,1815,3/24/2023,7:30:00 AM,0.5,,,,,,,,,,,,
12677,Cypress Creek @ Jacob'S Well,Guadalupe,Hays,30.0339,-98.1256,1815,3/20/2023,12:05:00 PM,,,,,,,,,,,,,
81688,Tceq Site 12676 - Cypress Creek At Rr12 (The Cottages),Guadalupe,Hays,30.01236,-98.10458,1815,3/15/2023,10:05:00 AM,0.3,,,,,,,,,,,,
81688,Tceq Site 12676 - Cypress Creek At Rr12 (The Cottages),Guadalupe,Hays,30.01236,-98.10458,1815,3/15/2023,10:05:00 AM,0.3,,,Low,7.5,662,5.6,15.5,16.0,,,1.2,
81688,Tceq Site 12676 - Cypress Creek At Rr12 (The Cottages),Guadalupe,Hays,30.01236,-98.10458,1815,2/14/2023,9:57:00 AM,0.3,,,,,,,,,30.0,,,
12677,Cypress Creek @ Jacob'S Well,Guadalupe,Hays,30.0339,-98.1256,1815,1/28/2023,8:00:00 AM,0.5,0.0,,,,,,,,,,,
12677,Cypress Creek @ Jacob'S Well,Guadalupe,Hays,30.0339,-98.1256,1815,1/28/2023,9:30:00 AM,0.5,0.0,0.05,Low,7,636,,13.7,17.2,,> 7,,
12677,Cypress Creek @ Jacob'S Well,Guadalupe,Hays,30.0339,-98.1256,1815,1/28/2023,9:30:00 AM,0.5,,,,,,,,,0.0,,,
80415,Cypress Creek @ Blue Hole,Guadalupe,Hays,30.0039,-98.0909,1815,1/28/2023,8:00:00 AM,0.5,0.0,0.05,Low,7,685,,13,12.7,,> 2.5,,
80415,Cypress Creek @ Blue Hole,Guadalupe,Hays,30.0039,-98.0909,1815,1/28/2023,8:00:00 AM,0.5,,,,,,,,,0.0,,,
81688,Tceq Site 12676 - Cypress Creek At Rr12 (The Cottages),Guadalupe,Hays,30.01236,-98.10458,1815,1/17/2023,10:20:00 AM,0.3,,,Low,,,,,,,,,0.0
81688,Tceq Site 12676 - Cypress Creek At Rr12 (The Cottages),Guadalupe,Hays,30.01236,-98.10458,1815,1/17/2023,10:12:00 AM,0.3,,,Normal,7,616,5.7,17,15.5,,,1.2,
81688,Tceq Site 12676 - Cypress Creek At Rr12 (The Cottages),Guadalupe,Hays,30.01236,-98.10458,1815,12/14/2022,10:00:00 AM,0.3,,,Normal,7.5,597,5.3,16.5,19.0,,,,
81688,Tceq Site 12676 - Cypress Creek At Rr12 (The Cottages),Guadalupe,Hays,30.01236,-98.10458,1815,12/14/2022,10:00:00 AM,0.3,,,,,,,,,30.0,,,
12677,Cypress Creek @ Jacob'S Well,Guadalupe,Hays,30.0339,-98.1256,1815,11/26/2022,9:10:00 AM,0.5,0.0,1.63,Normal,7.1,661,,11,21.0,,> 8,,
81688,Tceq Site 12676 - Cypress Creek At Rr12 (The Cottages),Guadalupe,Hays,30.01236,-98.10458,1815,11/15/2022,10:00:00 AM,0.3,,,Low,7.5,591,6.6,6.5,13.5,,,,
81699,Blanco River At Fm165 ½ Mile East Of Blanco,Guadalupe,Blanco,30.09104,-98.40163,1813,11/1/2022,4:48:00 PM,0.03,1.0,0.12,Low,8.2,531,8.0,20,23.0,,,,
81688,Tceq Site 12676 - Cypress Creek At Rr12 (The Cottages),Guadalupe,Hays,30.01236,-98.10458,1815,10/14/2022,10:00:00 AM,0.31,,,Low,,,,,,73.0,,,
81688,Tceq Site 12676 - Cypress Creek At Rr12 (The Cottages),Guadalupe,Hays,30.01236,-98.10458,1815,10/13/2022,10:00:00 AM,0.3,,,Low,7.5,587,5.0,24,22.0,,,,
81699,Blanco River At Fm165 ½ Mile East Of Blanco,Guadalupe,Blanco,30.09104,-98.40163,1813,10/4/2022,4:25:00 PM,0.2,,0.0,Low,9.2,510,8.6,28,26.0,,,,
12677,Cypress Creek @ Jacob'S Well,Guadalupe,Hays,30.0339,-98.1256,1815,9/24/2022,9:00:00 AM,0.5,16.0,0.0,No flow,7,720,0.3,23,21.0,,7,,
12677,Cypress Creek @ Jacob'S Well,Guadalupe,Hays,30.0339,-98.1256,1815,9/24/2022,9:00:00 AM,0.5,16.0,0.0,No flow,,,,,,0.0,,,
80415,Cypress Creek @ Blue Hole,Guadalupe,Hays,30.0039,-98.0909,1815,9/24/2022,8:15:00 AM,0.5,16.0,0.0,No flow,7,694,0.2,21,21.0,,2,,
80415,Cypress Creek @ Blue Hole,Guadalupe,Hays,30.0039,-98.0909,1815,9/24/2022,8:15:00 AM,0.5,16.0,0.0,No flow,,,,,,140.0,,,
81688,Tceq Site 12676 - Cypress Creek At Rr12 (The Cottages),Guadalupe,Hays,30.01236,-98.10458,1815,9/15/2022,10:00:00 AM,0.3,,,Normal,7,589,4.9,23,23.2,,,,
81688,Tceq Site 12676 - Cypress Creek At Rr12 (The Cottages),Guadalupe,Hays,30.01236,-98.10458,1815,8/10/2022,9:53:00 AM,0.3,,,Low,7,609,5.0,29,24.0,,,,
81688,Tceq Site 12676 - Cypress Creek At Rr12 (The Cottages),Guadalupe,Hays,30.01236,-98.10458,1815,7/14/2022,10:00:00 AM,0.3,,,Low,7.5,584,5.3,31,24.0,,,,
80415,Cypress Creek @ Blue Hole,Guadalupe,Hays,30.0039,-98.0909,1815,7/8/2022,8:02:00 AM,0.5,9.0,0.0,Low,7,634,,26,26.0,,1.5,,
12677,Cypress Creek @ Jacob'S Well,Guadalupe,Hays,30.0339,-98.1256,1815,7/8/2022,8:44:00 AM,0.5,9.0,0.0,Low,7,581,,25,21.0,,7.5,,
80415,Cypress Creek @ Blue Hole,Guadalupe,Hays,30.0039,-98.0909,1815,7/8/2022,8:02:00 AM,0.5,9.0,0.0,Low,,,,,,183.0,,,
12677,Cypress Creek @ Jacob'S Well,Guadalupe,Hays,30.0339,-98.1256,1815,7/8/2022,8:44:00 AM,0.5,9.0,0.0,Low,,,,,,33.0,,,
12677,Cypress Creek @ Jacob'S Well,Guadalupe,Hays,30.0339,-98.1256,1815,6/25/2022,8:20:00 AM,0.5,24.0,0.0,No flow,7,1392,,26,24.0,,,,
12677,Cypress Creek @ Jacob'S Well,Guadalupe,Hays,30.0339,-98.1256,1815,6/25/2022,8:20:00 AM,0.5,24.0,0.0,No flow,,,,,,450.0,,,
80415,Cypress Creek @ Blue Hole,Guadalupe,Hays,30.0039,-98.0909,1815,6/25/2022,7:40:00 AM,0.5,24.0,0.0,Low,7,668,,24,23.0,,,,
80415,Cypress Creek @ Blue Hole,Guadalupe,Hays,30.0039,-98.0909,1815,6/25/2022,7:40:00 AM,0.5,24.0,0.0,Low,,,,,,17.0,,,
80415,Cypress Creek @ Blue Hole,Guadalupe,Hays,30.0039,-98.0909,1815,5/16/2022,8:10:00 AM,2,10.0,0.0,Low,,,,,,483.0,,,
12677,Cypress Creek @ Jacob'S Well,Guadalupe,Hays,30.0339,-98.1256,1815,5/16/2022,9:47:00 AM,1,10.0,0.0,No flow,,,,,,233.0,,,
12677,Cypress Creek @ Jacob'S Well,Guadalupe,Hays,30.0339,-98.1256,1815,5/16/2022,9:47:00 AM,1,10.0,0.0,Low,7,657,,24,23.0,,,,
80415,Cypress Creek @ Blue Hole,Guadalupe,Hays,30.0039,-98.0909,1815,5/16/2022,8:10:00 AM,2,10.0,0.0,Low,7,657,,24,23.0,,1,,
80443,Cypress Creek @ Old Kyle Road Upstream Of Bridge And Dam,Guadalupe,Hays,29.99721,-98.09675,1815,5/14/2022,9:15:00 AM,0.3,9.0,0.0,Normal,7.5,620,6.3,24.5,22.9,,> 2.22,,
80926,Cypress Creek @ Rr12,Guadalupe,Hays,29.9963,-98.0981,1815,5/14/2022,8:40:00 AM,0.15,9.0,0.0,Normal,7.6,620,6.0,23.5,23.1,,> 0.3,,
80926,Cypress Creek @ Rr12,Guadalupe,Hays,29.9963,-98.0981,1815,5/14/2022,8:40:00 AM,0.15,,,,,,,,,160.0,,,
80443,Cypress Creek @ Old Kyle Road Upstream Of Bridge And Dam,Guadalupe,Hays,29.99721,-98.09675,1815,5/14/2022,9:15:00 AM,0.3,,,,,,,,,100.0,,,
80926,Cypress Creek @ Rr12,Guadalupe,Hays,29.9963,-98.0981,1815,4/9/2022,9:00:00 AM,0.15,10.0,0.0,Normal,7.6,620,8.5,13.5,15.5,,>,,
80443,Cypress Creek @ Old Kyle Road Upstream Of Bridge And Dam,Guadalupe,Hays,29.99721,-98.09675,1815,4/9/2022,9:30:00 AM,0.3,10.0,0.0,Normal,7.6,620,8.6,20,16.8,,0.54,,
80926,Cypress Creek @ Rr12,Guadalupe,Hays,29.9963,-98.0981,1815,4/9/2022,9:00:00 AM,0.15,,,,,,,,,130.0,,,
80443,Cypress Creek @ Old Kyle Road Upstream Of Bridge And Dam,Guadalupe,Hays,29.99721,-98.09675,1815,4/9/2022,9:30:00 AM,0.3,,,,,,,,,100.0,,,
12677,Cypress Creek @ Jacob'S Well,Guadalupe,Hays,30.0339,-98.1256,1815,3/30/2022,9:40:00 AM,0.5,0.0,0.15,Low,7,612,7.6,19,20.0,,,,
12677,Cypress Creek @ Jacob'S Well,Guadalupe,Hays,30.0339,-98.1256,1815,3/30/2022,9:40:00 AM,0.5,0.0,0.15,Low,,,,,,67.0,,,
80926,Cypress Creek @ Rr12,Guadalupe,Hays,29.9963,-98.0981,1815,3/13/2022,9:35:00 AM,0.11,5.0,0.0,Normal,7.5,610,10.6,8.5,10.9,,> 0.11,,
80443,Cypress Creek @ Old Kyle Road Upstream Of Bridge And Dam,Guadalupe,Hays,29.99721,-98.09675,1815,3/13/2022,10:15:00 AM,1.48,5.0,0.0,Normal,7.5,620,9.8,11,10.8,,> 1.48,,
80415,Cypress Creek @ Blue Hole,Guadalupe,Hays,30.0039,-98.0909,1815,1/26/2022,9:45:00 AM,0.6,2.0,0.12,Normal,7,791,8.4,9,13.0,,> 2,,
80415,Cypress Creek @ Blue Hole,Guadalupe,Hays,30.0039,-98.0909,1815,1/26/2022,10:30:00 AM,0.5,,,,,,,,,0.0,,,
12677,Cypress Creek @ Jacob'S Well,Guadalupe,Hays,30.0339,-98.1256,1815,1/26/2022,10:30:00 AM,0.5,,,,,,,,,0.0,,,
12677,Cypress Creek @ Jacob'S Well,Guadalupe,Hays,30.0339,-98.1256,1815,1/26/2022,10:30:00 AM,0.5,2.0,0.12,Normal,7,667,7.7,10,17.4,,> 8,,
80415,Cypress Creek @ Blue Hole,Guadalupe,Hays,30.0039,-98.0909,1815,11/15/2021,9:15:00 AM,0.5,11.0,0.0,Low,7,613,,18,18.0,,,,
80415,Cypress Creek @ Blue Hole,Guadalupe,Hays,30.0039,-98.0909,1815,11/15/2021,9:15:00 AM,0.5,,,,,,,,,,,,
12677,Cypress Creek @ Jacob'S Well,Guadalupe,Hays,30.0339,-98.1256,1815,11/15/2021,8:25:00 AM,0.5,11.0,0.0,Low,7,620,,17,20.0,,,,
12677,Cypress Creek @ Jacob'S Well,Guadalupe,Hays,30.0339,-98.1256,1815,11/15/2021,8:25:00 AM,0.5,,,,,,,,,,,,
80443,Cypress Creek @ Old Kyle Road Upstream Of Bridge And Dam,Guadalupe,Hays,29.99721,-98.09675,1815,11/14/2021,9:40:00 AM,0.35,10.0,0.0,Normal,7.4,610,8.2,19.5,17.1,,>,,
80926,Cypress Creek @ Rr12,Guadalupe,Hays,29.9963,-98.0981,1815,11/14/2021,9:00:00 AM,0.1,10.0,0.0,Normal,7.4,610,8.4,17,16.5,,>,,
80926,Cypress Creek @ Rr12,Guadalupe,Hays,29.9963,-98.0981,1815,10/18/2021,9:22:00 AM,0.25,3.0,6.0,Normal,7.5,590,8.5,13,18.3,,> 0.25,,
80443,Cypress Creek @ Old Kyle Road Upstream Of Bridge And Dam,Guadalupe,Hays,29.99721,-98.09675,1815,10/18/2021,10:00:00 AM,0.35,3.0,6.0,Normal,7.5,590,8.4,15.9,17.9,,> 1.35,,
12677,Cypress Creek @ Jacob'S Well,Guadalupe,Hays,30.0339,-98.1256,1815,9/17/2021,8:58:00 AM,0.5,0.0,1.0,Low,7,493,0.6,21,23.0,,> 7,,
12677,Cypress Creek @ Jacob'S Well,Guadalupe,Hays,30.0339,-98.1256,1815,9/17/2021,8:58:00 AM,0.5,,,,,,,,,0.0,,,
80415,Cypress Creek @ Blue Hole,Guadalupe,Hays,30.0039,-98.0909,1815,9/17/2021,8:10:00 AM,0.5,4.0,0.0,Low,7,,0.1,20,24.0,,> 2,,
80415,Cypress Creek @ Blue Hole,Guadalupe,Hays,30.0039,-98.0909,1815,9/17/2021,8:10:00 AM,0.5,,,,,,,,,0.0,,,
80926,Cypress Creek @ Rr12,Guadalupe,Hays,29.9963,-98.0981,1815,9/12/2021,9:55:00 AM,0.16,6.0,0.0,Low,7.4,620,6.9,24,22.9,,> 0.3,,
80443,Cypress Creek @ Old Kyle Road Upstream Of Bridge And Dam,Guadalupe,Hays,29.99721,-98.09675,1815,9/12/2021,10:37:00 AM,0.3,6.0,0.0,Low,7.4,620,6.4,25.5,23.3,,>,,
12677,Cypress Creek @ Jacob'S Well,Guadalupe,Hays,30.0339,-98.1256,1815,7/19/2021,9:15:00 AM,0.5,5.0,0.0,Low,,595,0.1,26,22.0,,> 7,,
12677,Cypress Creek @ Jacob'S Well,Guadalupe,Hays,30.0339,-98.1256,1815,7/19/2021,9:15:00 AM,0.5,,,,,,,,,0.0,,,
80415,Cypress Creek @ Blue Hole,Guadalupe,Hays,30.0039,-98.0909,1815,7/19/2021,8:30:00 AM,0.5,5.0,0.0,Low,7,561,1.2,23,26.0,,> 3,,
80415,Cypress Creek @ Blue Hole,Guadalupe,Hays,30.0039,-98.0909,1815,7/19/2021,8:30:00 AM,0.5,,,,,,,,,0.0,,,
80443,Cypress Creek @ Old Kyle Road Upstream Of Bridge And Dam,Guadalupe,Hays,29.99721,-98.09675,1815,7/11/2021,9:50:00 AM,0.3,0.0,0.22,Low,7.4,610,6.6,25,25.0,,>,,
80443,Cypress Creek @ Old Kyle Road Upstream Of Bridge And Dam,Guadalupe,Hays,29.99721,-98.09675,1815,7/11/2021,9:50:00 AM,0.3,0.0,0.22,Normal,,,,,,300.0,,,
80926,Cypress Creek @ Rr12,Guadalupe,Hays,29.9963,-98.0981,1815,7/11/2021,9:18:00 AM,0.16,0.0,0.22,Normal,,,,,,170.0,,,
80926,Cypress Creek @ Rr12,Guadalupe,Hays,29.9963,-98.0981,1815,7/11/2021,9:18:00 AM,0.16,0.0,0.22,Normal,7.4,600,6.9,24.5,24.8,,> 0.56,,
80443,Cypress Creek @ Old Kyle Road Upstream Of Bridge And Dam,Guadalupe,Hays,29.99721,-98.09675,1815,6/12/2021,9:15:00 AM,0.3,4.0,0.0,Normal,7.4,610,7.1,26,24.5,,>,,
80926,Cypress Creek @ Rr12,Guadalupe,Hays,29.9963,-98.0981,1815,6/12/2021,8:26:00 AM,0.16,4.0,0.0,Normal,7.4,610,7.2,24.5,24.5,,>,,
80926,Cypress Creek @ Rr12,Guadalupe,Hays,29.9963,-98.0981,1815,6/12/2021,8:26:00 AM,0.16,4.0,0.0,Normal,,,,,,30.0,,,
80443,Cypress Creek @ Old Kyle Road Upstream Of Bridge And Dam,Guadalupe,Hays,29.99721,-98.09675,1815,6/12/2021,9:15:00 AM,0.3,4.0,0.0,Normal,,,,,,110.0,,,
80926,Cypress Creek @ Rr12,Guadalupe,Hays,29.9963,-98.0981,1815,5/15/2021,8:20:00 AM,0.66,0.0,0.5,Normal,7.4,620,7.0,18,19.7,,> 0.66,,
80443,Cypress Creek @ Old Kyle Road Upstream Of Bridge And Dam,Guadalupe,Hays,29.99721,-98.09675,1815,5/15/2021,9:05:00 AM,1.32,0.0,0.5,Normal,7.4,630,7.0,20,19.9,,> 1.32,,
80926,Cypress Creek @ Rr12,Guadalupe,Hays,29.9963,-98.0981,1815,5/15/2021,8:20:00 AM,0.66,0.0,0.5,Normal,,,,,,0.0,,,
80443,Cypress Creek @ Old Kyle Road Upstream Of Bridge And Dam,Guadalupe,Hays,29.99721,-98.09675,1815,5/15/2021,9:05:00 AM,1.32,0.0,0.5,Normal,,,,,,0.0,,,
80926,Cypress Creek @ Rr12,Guadalupe,Hays,29.9963,-98.0981,1815,5/15/2021,8:20:00 AM,,,,,,,,,,,,,
80415,Cypress Creek @ Blue Hole,Guadalupe,Hays,30.0039,-98.0909,1815,5/14/2021,10:40:00 AM,0.5,2.0,0.5,Low,7,639,1.6,24,20.0,,,,
80415,Cypress Creek @ Blue Hole,Guadalupe,Hays,30.0039,-98.0909,1815,5/14/2021,10:40:00 AM,0.5,,,,,,,,,0.0,,,
12677,Cypress Creek @ Jacob'S Well,Guadalupe,Hays,30.0339,-98.1256,1815,5/14/2021,11:25:00 AM,0.5,2.0,0.5,Low,7,500,,23,22.0,,,,
12677,Cypress Creek @ Jacob'S Well,Guadalupe,Hays,30.0339,-98.1256,1815,5/14/2021,11:25:00 AM,0.5,,,,,,,,,0.0,,,
80415,Cypress Creek @ Blue Hole,Guadalupe,Hays,30.0039,-98.0909,1815,3/17/2021,8:50:00 AM,0,,,,,,,,,27.0,,,
80415,Cypress Creek @ Blue Hole,Guadalupe,Hays,30.0039,-98.0909,1815,3/17/2021,8:50:00 AM,0.5,0.0,0.0,Low,7,861,2.7,18,18.0,,2,,
12677,Cypress Creek @ Jacob'S Well,Guadalupe,Hays,30.0339,-98.1256,1815,3/17/2021,9:45:00 AM,1,2.0,7.0,Low,7,806,2.8,17,21.0,,1,,
12677,Cypress Creek @ Jacob'S Well,Guadalupe,Hays,30.0339,-98.1256,1815,3/17/2021,8:50:00 AM,0,,,,,,,,,27.0,,,
80443,Cypress Creek @ Old Kyle Road Upstream Of Bridge And Dam,Guadalupe,Hays,29.99721,-98.09675,1815,2/22/2021,9:30:00 AM,0.3,,0.0,Low,8.1,580,9.0,9,10.5,0.0,> 0.75,,
12677,Cypress Creek @ Jacob'S Well,Guadalupe,Hays,30.0339,-98.1256,1815,1/29/2021,10:30:00 AM,1,5.0,0.0,Low,7.1,679,0.6,9,20.0,,> 1,,
80502,Cypress Creek @ Woodcreek Drive,Guadalupe,Hays,30.0209,-98.1174,1815,1/25/2021,4:00:00 PM,0.3,0.0,0.0,Normal,7.3,570,7.3,22,17.9,,,,
80443,Cypress Creek @ Old Kyle Road Upstream Of Bridge And Dam,Guadalupe,Hays,29.99721,-98.09675,1815,1/15/2021,9:00:00 AM,0.3,5.0,0.0,Normal,8,580,9.1,46,9.0,60.0,> 0.75,,
80443,Cypress Creek @ Old Kyle Road Upstream Of Bridge And Dam,Guadalupe,Hays,29.99721,-98.09675,1815,12/19/2020,9:15:00 AM,0.3,0.0,0.5,Normal,8.1,570,7.9,14.5,13.5,240.0,> 0.7,,
80502,Cypress Creek @ Woodcreek Drive,Guadalupe,Hays,30.0209,-98.1174,1815,12/12/2020,11:20:00 AM,0.3,12.0,0.0,Low,7,590,7.6,12.5,13.0,,> 1.1,,
80926,Cypress Creek @ Rr12,Guadalupe,Hays,29.9963,-98.0981,1815,12/9/2020,9:15:00 AM,0.3,10.0,0.0,Normal,7.5,646,,6,11.0,,0.3,,
80926,Cypress Creek @ Rr12,Guadalupe,Hays,29.9963,-98.0981,1815,12/9/2020,9:15:00 AM,0.3,10.0,0.0,Normal,,,,,,,,,
12677,Cypress Creek @ Jacob'S Well,Guadalupe,Hays,30.0339,-98.1256,1815,12/9/2020,10:10:00 AM,0.5,10.0,0.0,Low,7,625,,14,20.0,,> 0.9,,
12677,Cypress Creek @ Jacob'S Well,Guadalupe,Hays,30.0339,-98.1256,1815,12/9/2020,10:10:00 AM,0.5,10.0,0.0,Low,,,,,,,,,
80415,Cypress Creek @ Blue Hole,Guadalupe,Hays,30.0039,-98.0909,1815,12/9/2020,9:30:00 AM,0.5,10.0,0.0,Low,7.5,645,,7,13.0,,> 2.5,,
80415,Cypress Creek @ Blue Hole,Guadalupe,Hays,30.0039,-98.0909,1815,12/9/2020,9:30:00 AM,0.5,10.0,0.0,Normal,,,,,,,,,
80443,Cypress Creek @ Old Kyle Road Upstream Of Bridge And Dam,Guadalupe,Hays,29.99721,-98.09675,1815,11/12/2020,9:15:00 AM,0.3,44.0,0.0,No flow,7.7,620,6.6,19.5,18.0,100.0,> 0.25,,
80502,Cypress Creek @ Woodcreek Drive,Guadalupe,Hays,30.0209,-98.1174,1815,11/8/2020,8:50:00 AM,0.03,30.0,0.0,Normal,7.3,580,7.9,19,17.6,,< 1,,
80502,Cypress Creek @ Woodcreek Drive,Guadalupe,Hays,30.0209,-98.1174,1815,11/8/2020,9:30:00 AM,,,,,,,,,,,,,
80926,Cypress Creek @ Rr12,Guadalupe,Hays,29.9963,-98.0981,1815,10/21/2020,8:45:00 AM,0.3,30.0,0.0,Normal,6.9,,2.9,22,23.0,,> 0.3,,
80415,Cypress Creek @ Blue Hole,Guadalupe,Hays,30.0039,-98.0909,1815,10/21/2020,8:12:00 AM,7,30.0,0.0,Low,7,628,2.4,23,23.0,,> 7,,
80443,Cypress Creek @ Old Kyle Road Upstream Of Bridge And Dam,Guadalupe,Hays,29.99721,-98.09675,1815,10/16/2020,9:00:00 AM,0.3,25.0,0.0,Low,7.9,600,6.5,15,20.0,260.0,> 0.75,,
80443,Cypress Creek @ Old Kyle Road Upstream Of Bridge And Dam,Guadalupe,Hays,29.99721,-98.09675,1815,9/10/2020,10:15:00 AM,0.3,0.0,2.5,Normal,8,560,6.6,14.5,22.0,140.0,0.8,,
12677,Cypress Creek @ Jacob'S Well,Guadalupe,Hays,30.0339,-98.1256,1815,8/23/2020,9:02:00 AM,0.5,1.0,1.49,Low,7,715,,23,21.0,27.0,>,,
80415,Cypress Creek @ Blue Hole,Guadalupe,Hays,30.0039,-98.0909,1815,8/23/2020,8:30:00 AM,0.5,1.0,1.49,Low,7,739,,21,20.0,180.0,>,,
80926,Cypress Creek @ Rr12,Guadalupe,Hays,29.9963,-98.0981,1815,8/18/2020,9:55:00 AM,0.3,14.0,0.0,Normal,7,570,,26,26.0,446.0,>,,
80443,Cypress Creek @ Old Kyle Road Upstream Of Bridge And Dam,Guadalupe,Hays,29.99721,-98.09675,1815,8/18/2020,8:25:00 AM,0.5,14.0,0.0,Low,7,523,,25,26.0,73.0,>,,
80502,Cypress Creek @ Woodcreek Drive,Guadalupe,Hays,30.0209,-98.1174,1815,8/9/2020,11:00:00 AM,0.5,,0.0,Normal,7.2,590,6.1,27,27.0,,> 1.14,,
80443,Cypress Creek @ Old Kyle Road Upstream Of Bridge And Dam,Guadalupe,Hays,29.99721,-98.09675,1815,7/9/2020,8:10:00 AM,0.3,,0.0,Low,8,600,6.6,23.5,25.0,280.0,> 0.7,,
80443,Cypress Creek @ Old Kyle Road Upstream Of Bridge And Dam,Guadalupe,Hays,29.99721,-98.09675,1815,7/7/2020,8:45:00 AM,0.5,10.0,0.0,Low,7,663,,27,26.1,243.0,1,,
80415,Cypress Creek @ Blue Hole,Guadalupe,Hays,30.0039,-98.0909,1815,6/27/2020,8:10:00 AM,0.5,1.0,0.26,Normal,7,345,,27,25.0,17.0,3.75,,
12677,Cypress Creek @ Jacob'S Well,Guadalupe,Hays,30.0339,-98.1256,1815,6/27/2020,9:20:00 AM,0.5,1.0,0.26,Low,7,480,,25,22.0,0.0,8,,
80502,Cypress Creek @ Woodcreek Drive,Guadalupe,Hays,30.0209,-98.1174,1815,5/23/2020,11:55:00 AM,0.5,0.0,,Normal,7.1,580,5.7,30,26.5,,2.2,,
12677,Cypress Creek @ Jacob'S Well,Guadalupe,Hays,30.0339,-98.1256,1815,5/15/2020,9:15:00 AM,0.5,3.0,6.0,Low,7,666,,24,22.0,67.0,,,
80443,Cypress Creek @ Old Kyle Road Upstream Of Bridge And Dam,Guadalupe,Hays,29.99721,-98.09675,1815,5/10/2020,9:50:00 AM,0.3,14.0,0.0,Normal,8,600,6.0,24,23.5,70.0,7.75,,
12677,Cypress Creek @ Jacob'S Well,Guadalupe,Hays,30.0339,-98.1256,1815,3/16/2020,9:00:00 AM,0.5,2.0,0.25,Low,7.1,565,,17,21.0,22.0,,,
80415,Cypress Creek @ Blue Hole,Guadalupe,Hays,30.0039,-98.0909,1815,3/16/2020,8:10:00 AM,0.5,,,,7,610,,18,19.0,100.0,,,
80502,Cypress Creek @ Woodcreek Drive,Guadalupe,Hays,30.0209,-98.1174,1815,3/2/2020,3:40:00 PM,30,,,Normal,7.2,580,7.9,24.5,19.6,,< 2.29,,
80443,Cypress Creek @ Old Kyle Road Upstream Of Bridge And Dam,Guadalupe,Hays,29.99721,-98.09675,1815,12/10/2019,8:45:00 AM,0.3,0.0,0.2,Normal,7.9,590,7.3,5,14.0,140.0,> 0.78,,
80415,Cypress Creek @ Blue Hole,Guadalupe,Hays,30.0039,-98.0909,1815,11/21/2019,9:00:00 AM,0.5,,0.0,Normal,7,556,0.4,20,18.0,0.0,,,
80443,Cypress Creek @ Old Kyle Road Upstream Of Bridge And Dam,Guadalupe,Hays,29.99721,-98.09675,1815,11/13/2019,9:30:00 AM,0.3,,0.2,Low,7.9,570,7.4,2.2,,80.0,> 0.75,,
80502,Cypress Creek @ Woodcreek Drive,Guadalupe,Hays,30.0209,-98.1174,1815,10/11/2019,4:30:00 PM,0.1,1.0,,Normal,7.3,590,6.6,10.9,19.0,,2.85,,
80443,Cypress Creek @ Old Kyle Road Upstream Of Bridge And Dam,Guadalupe,Hays,29.99721,-98.09675,1815,10/8/2019,9:50:00 AM,0.3,,0.0,Normal,7.9,570,6.9,17,22.5,130.0,> 0.75,,
80415,Cypress Creek @ Blue Hole,Guadalupe,Hays,30.0039,-98.0909,1815,9/28/2019,8:40:00 AM,0.33,30.0,0.0,Low,7,566,6.0,25,26.0,0.0,,,
12677,Cypress Creek @ Jacob'S Well,Guadalupe,Hays,30.0339,-98.1256,1815,9/28/2019,9:20:00 AM,0.33,30.0,0.0,Low,7,429,7.8,24,22.0,0.0,,,
80502,Cypress Creek @ Woodcreek Drive,Guadalupe,Hays,30.0209,-98.1174,1815,9/27/2019,3:41:00 PM,0.5,8.0,,Normal,7.3,580,6.6,33.5,27.9,,2.8,,
80502,Cypress Creek @ Woodcreek Drive,Guadalupe,Hays,30.0209,-98.1174,1815,9/20/2019,3:15:00 PM,0.5,1.0,,Normal,7.3,590,7.1,34.7,27.8,,2.22,,
80502,Cypress Creek @ Woodcreek Drive,Guadalupe,Hays,30.0209,-98.1174,1815,9/13/2019,3:00:00 PM,0,4.0,,Normal,7.3,590,6.2,26.5,26.8,,2.31,,
80443,Cypress Creek @ Old Kyle Road Upstream Of Bridge And Dam,Guadalupe,Hays,29.99721,-98.09675,1815,9/10/2019,9:50:00 AM,0.3,0.0,0.0,Normal,,,,,,120.0,,,
80502,Cypress Creek @ Woodcreek Drive,Guadalupe,Hays,30.0209,-98.1174,1815,8/30/2019,4:30:00 PM,1,6.0,,Normal,7.2,600,5.5,30.6,27.0,,1.11,,
80415,Cypress Creek @ Blue Hole,Guadalupe,Hays,30.0039,-98.0909,1815,7/18/2019,8:15:00 AM,0.3,,0.0,Low,7,827,8.2,24,26.0,33.0,,,
12677,Cypress Creek @ Jacob'S Well,Guadalupe,Hays,30.0339,-98.1256,1815,7/18/2019,8:50:00 AM,0.3,,,Low,7,614,9.2,25,21.0,27.0,,,
80443,Cypress Creek @ Old Kyle Road Upstream Of Bridge And Dam,Guadalupe,Hays,29.99721,-98.09675,1815,7/11/2019,8:00:00 AM,0.3,,0.1,Normal,7.9,590,6.8,23.5,25.0,120.0,> 0.75,,
80443,Cypress Creek @ Old Kyle Road Upstream Of Bridge And Dam,Guadalupe,Hays,29.99721,-98.09675,1815,6/12/2019,9:35:00 AM,0.3,3.0,1.4,Normal,8,570,6.3,20,21.0,70.0,7.78,,
80415,Cypress Creek @ Blue Hole,Guadalupe,Hays,30.0039,-98.0909,1815,5/23/2019,10:30:00 AM,0.3,15.0,0.13,Low,6.5,891,6.2,22,22.0,67.0,,,
12677,Cypress Creek @ Jacob'S Well,Guadalupe,Hays,30.0339,-98.1256,1815,5/23/2019,10:30:00 AM,0.3,15.0,0.13,Low,6.5,891,6.2,22,22.0,67.0,,,
80443,Cypress Creek @ Old Kyle Road Upstream Of Bridge And Dam,Guadalupe,Hays,29.99721,-98.09675,1815,5/10/2019,7:50:00 AM,0.3,2.0,3.1,High,8.2,550,7.3,12,19.0,,1.1,,
80443,Cypress Creek @ Old Kyle Road Upstream Of Bridge And Dam,Guadalupe,Hays,29.99721,-98.09675,1815,5/10/2019,7:15:00 AM,0.3,,,,,,,,,60.0,,,
80415,Cypress Creek @ Blue Hole,Guadalupe,Hays,30.0039,-98.0909,1815,4/10/2019,9:50:00 AM,0.33,3.0,,Low,7,785,6.5,20,20.0,,,,
80415,Cypress Creek @ Blue Hole,Guadalupe,Hays,30.0039,-98.0909,1815,4/10/2019,9:50:00 AM,0.33,,,,,,,,,110.0,,,
80415,Cypress Creek @ Blue Hole,Guadalupe,Hays,30.0039,-98.0909,1815,4/10/2019,9:50:00 AM,0.33,3.0,,Low,7,785,6.5,20,20.0,110.0,,,
80443,Cypress Creek @ Old Kyle Road Upstream Of Bridge And Dam,Guadalupe,Hays,29.99721,-98.09675,1815,4/9/2019,9:45:00 AM,0.3,2.0,2.0,Normal,8,600,6.4,16,18.0,50.0,> 0.75,,
80443,Cypress Creek @ Old Kyle Road Upstream Of Bridge And Dam,Guadalupe,Hays,29.99721,-98.09675,1815,3/11/2019,10:15:00 AM,0.3,,0.0,Normal,8,610,7.5,13.5,17.5,30.0,> 0.78,,
80415,Cypress Creek @ Blue Hole,Guadalupe,Hays,30.0039,-98.0909,1815,2/27/2019,1:40:00 PM,0.5,6.0,0.0,Normal,7.3,940,7.5,25,20.0,37.0,,,
80443,Cypress Creek @ Old Kyle Road Upstream Of Bridge And Dam,Guadalupe,Hays,29.99721,-98.09675,1815,2/6/2019,7:50:00 AM,0.3,10.0,0.0,Normal,7.9,610,7.5,19,18.0,80.0,> 0.75,,
80443,Cypress Creek @ Old Kyle Road Upstream Of Bridge And Dam,Guadalupe,Hays,29.99721,-98.09675,1815,1/8/2019,9:35:00 AM,0.3,5.0,0.0,Normal,8.1,640,8.3,14.5,16.0,20.0,0.82,,
80502,Cypress Creek @ Woodcreek Drive,Guadalupe,Hays,30.0209,-98.1174,1815,1/1/2019,3:00:00 PM,0.3,1.0,,Normal,7.3,580,8.2,15.5,14.3,,> 2.07,,
80443,Cypress Creek @ Old Kyle Road Upstream Of Bridge And Dam,Guadalupe,Hays,29.99721,-98.09675,1815,12/18/2018,9:30:00 AM,0.3,,,Normal,8.1,630,423.2,4.5,13.0,170.0,0.8,,
80415,Cypress Creek @ Blue Hole,Guadalupe,Hays,30.0039,-98.0909,1815,12/8/2018,8:30:00 AM,0.33,1.0,2.19,Normal,7.2,653,8.8,14,14.0,67.0,,,
80443,Cypress Creek @ Old Kyle Road Upstream Of Bridge And Dam,Guadalupe,Hays,29.99721,-98.09675,1815,11/12/2018,9:50:00 AM,0.3,0.0,,Normal,8,620,7.7,9,16.0,,> 0.9,,
80443,Cypress Creek @ Old Kyle Road Upstream Of Bridge And Dam,Guadalupe,Hays,29.99721,-98.09675,1815,10/11/2018,9:06:00 AM,0.3,2.0,2.0,Normal,8.1,660,7.0,16,21.0,180.0,> 0.8,,
80443,Cypress Creek @ Old Kyle Road Upstream Of Bridge And Dam,Guadalupe,Hays,29.99721,-98.09675,1815,9/20/2018,9:40:00 AM,0.3,,0.35,Normal,8,610,6.5,24,24.0,90.0,> 0.77,,
80443,Cypress Creek @ Old Kyle Road Upstream Of Bridge And Dam,Guadalupe,Hays,29.99721,-98.09675,1815,9/20/2018,9:40:00 AM,0.3,,0.35,Normal,8,610,6.5,24,24.0,,0.77,,
80443,Cypress Creek @ Old Kyle Road Upstream Of Bridge And Dam,Guadalupe,Hays,29.99721,-98.09675,1815,8/10/2018,9:00:00 AM,0.3,,0.0,Low,7.8,600,5.1,25,25.0,80.0,> 0.71,,
80415,Cypress Creek @ Blue Hole,Guadalupe,Hays,30.0039,-98.0909,1815,7/20/2018,8:00:00 AM,0.5,10.0,0.0,No flow,6.9,582,4.1,24,26.0,27.0,,,
80443,Cypress Creek @ Old Kyle Road Upstream Of Bridge And Dam,Guadalupe,Hays,29.99721,-98.09675,1815,7/10/2018,9:20:00 AM,0.3,1.0,3.3,Normal,8.1,590,6.7,22.5,23.5,140.0,> 0.76,,
80443,Cypress Creek @ Old Kyle Road Upstream Of Bridge And Dam,Guadalupe,Hays,29.99721,-98.09675,1815,6/18/2018,9:25:00 AM,0.3,45.0,0.5,Low,7.9,630,5.1,24,24.0,30.0,> 0.7,,
12677,Cypress Creek @ Jacob'S Well,Guadalupe,Hays,30.0339,-98.1256,1815,6/13/2018,8:15:00 AM,0.33,23.0,0.0,Low,6.9,396,5.5,27,24.5,200.0,,,
12677,Cypress Creek @ Jacob'S Well,Guadalupe,Hays,30.0339,-98.1256,1815,5/5/2018,8:00:00 AM,0.3,0.0,1.94,High,7,593,5.9,21,19.8,27.0,,,
80443,Cypress Creek @ Old Kyle Road Upstream Of Bridge And Dam,Guadalupe,Hays,29.99721,-98.09675,1815,2/15/2018,10:30:00 AM,0.3,,0.05,Normal,8,630,7.8,18.5,13.5,20.0,> 0.77,,
80443,Cypress Creek @ Old Kyle Road Upstream Of Bridge And Dam,Guadalupe,Hays,29.99721,-98.09675,1815,1/16/2018,10:20:00 AM,0.3,,,Low,8.2,600,9.6,0,13.0,90.0,> 0.75,,
80443,Cypress Creek @ Old Kyle Road Upstream Of Bridge And Dam,Guadalupe,Hays,29.99721,-98.09675,1815,8/8/2017,,0.3,1.0,2.8,Low,8,530,5.5,25.5,24.0,,0.66,,
80926,Cypress Creek @ Rr12,Guadalupe,Hays,29.9963,-98.0981,1815,2/14/2017,10:45:00 AM,0.3,0.0,1.0,Normal,8.2,550,8.0,10,17.0,,0.75,,
12677,Cypress Creek @ Jacob'S Well,Guadalupe,Hays,30.0339,-98.1256,1815,4/30/2016,12:30:00 PM,0.5,0.0,1.2,Normal,6.9,570,5.6,26,20.5,,> 1.5,,
80415,Cypress Creek @ Blue Hole,Guadalupe,Hays,30.0039,-98.0909,1815,3/26/2016,1:00:00 PM,0.3,2.0,0.52,Normal,6.9,610,6.8,18,18.0,,> 2.24,,
12677,Cypress Creek @ Jacob'S Well,Guadalupe,Hays,30.0339,-98.1256,1815,3/12/2016,1:30:00 PM,0.5,1.0,2.8,Normal,6.8,620,6.0,20,21.0,,1,,
80415,Cypress Creek @ Blue Hole,Guadalupe,Hays,30.0039,-98.0909,1815,2/20/2016,11:15:00 AM,0.3,26.0,0.0,Normal,6.9,580,6.5,19,18.0,,> 1.94,,
12677,Cypress Creek @ Jacob'S Well,Guadalupe,Hays,30.0339,-98.1256,1815,2/13/2016,12:00:00 PM,0.5,41.0,0.0,Low,6.8,600,6.1,23,20.0,,1,,
12677,Cypress Creek @ Jacob'S Well,Guadalupe,Hays,30.0339,-98.1256,1815,1/16/2016,1:40:00 PM,0.25,13.0,0.0,Flood,7,580,7.0,17,19.0,,> 1.5,,
12677,Cypress Creek @ Jacob'S Well,Guadalupe,Hays,30.0339,-98.1256,1815,12/13/2015,11:30:00 AM,0.25,0.0,2.0,Normal,6.8,620,6.7,11,18.0,,> 0.5,,
80415,Cypress Creek @ Blue Hole,Guadalupe,Hays,30.0039,-98.0909,1815,10/25/2015,12:35:00 PM,0.3,0.0,4.05,Normal,6.9,550,5.7,14,20.0,,> 1.82,,
12677,Cypress Creek @ Jacob'S Well,Guadalupe,Hays,30.0339,-98.1256,1815,10/18/2015,2:00:00 PM,0.5,109.0,0.0,Normal,6.8,630,5.9,25.5,20.0,,> 9,,
12677,Cypress Creek @ Jacob'S Well,Guadalupe,Hays,30.0339,-98.1256,1815,9/30/2015,3:55:00 PM,0.3,3.0,0.0,Normal,7.1,567,5.7,,24.0,,,,
80415,Cypress Creek @ Blue Hole,Guadalupe,Hays,30.0039,-98.0909,1815,9/30/2015,11:05:00 AM,0.3,3.0,0.0,Normal,7.6,586,3.5,,24.1,,,0.6,
80443,Cypress Creek @ Old Kyle Road Upstream Of Bridge And Dam,Guadalupe,Hays,29.99721,-98.09675,1815,9/30/2015,1:10:00 PM,0.3,3.0,0.0,Low,8,553,4.3,,26.3,,,0.6,
80926,Cypress Creek @ Rr12,Guadalupe,Hays,29.9963,-98.0981,1815,9/30/2015,3:10:00 PM,0.3,3.0,0.0,Low,8.1,553,4.6,,26.1,,,0.6,
80415,Cypress Creek @ Blue Hole,Guadalupe,Hays,30.0039,-98.0909,1815,9/11/2015,10:40:00 AM,0.3,1.0,,Normal,7.6,540,3.3,,26.1,,,1.2,
80926,Cypress Creek @ Rr12,Guadalupe,Hays,29.9963,-98.0981,1815,9/11/2015,12:20:00 PM,0.3,1.0,0.13,Normal,7.9,538,4.1,,26.8,,,1.2,
80443,Cypress Creek @ Old Kyle Road Upstream Of Bridge And Dam,Guadalupe,Hays,29.99721,-98.09675,1815,9/11/2015,12:05:00 PM,0.3,1.0,0.13,Normal,7.9,545,3.7,,26.8,,,1.2,
12677,Cypress Creek @ Jacob'S Well,Guadalupe,Hays,30.0339,-98.1256,1815,9/11/2015,2:50:00 PM,0.5,1.0,0.13,Normal,7.2,589,4.5,,25.0,,,1.2,
80443,Cypress Creek @ Old Kyle Road Upstream Of Bridge And Dam,Guadalupe,Hays,29.99721,-98.09675,1815,9/8/2015,,0.3,,0.0,Low,8,560,5.6,23.5,25.0,,> 0.42,,
80926,Cypress Creek @ Rr12,Guadalupe,Hays,29.9963,-98.0981,1815,8/8/2015,2:35:00 PM,0.3,39.0,0.0,Normal,7.9,547,3.4,31.5,28.0,,,1.2,
80443,Cypress Creek @ Old Kyle Road Upstream Of Bridge And Dam,Guadalupe,Hays,29.99721,-98.09675,1815,8/8/2015,2:10:00 PM,0.3,39.0,0.0,Normal,7.9,557,3.7,32.3,28.0,,,1.06,
12677,Cypress Creek @ Jacob'S Well,Guadalupe,Hays,30.0339,-98.1256,1815,8/8/2015,4:40:00 PM,0.3,39.0,0.0,Normal,7.2,632,2.9,33.6,25.7,,,1.2,
80443,Cypress Creek @ Old Kyle Road Upstream Of Bridge And Dam,Guadalupe,Hays,29.99721,-98.09675,1815,7/29/2015,2:00:00 PM,0.3,26.0,0.0,Normal,,547,,31.2,27.8,,,1.2,
80926,Cypress Creek @ Rr12,Guadalupe,Hays,29.9963,-98.0981,1815,7/29/2015,4:20:00 PM,0.3,26.0,0.0,Normal,7.9,546,,31,27.5,,,1.2,
80443,Cypress Creek @ Old Kyle Road Upstream Of Bridge And Dam,Guadalupe,Hays,29.99721,-98.09675,1815,7/8/2015,10:28:00 AM,0.3,10.0,0.0,Normal,8.1,570,6.8,22.5,23.0,,> 0.48,,
80926,Cypress Creek @ Rr12,Guadalupe,Hays,29.9963,-98.0981,1815,6/12/2015,1:45:00 PM,0.3,,0.0,High,7.8,582,,,25.9,,,,
80443,Cypress Creek @ Old Kyle Road Upstream Of Bridge And Dam,Guadalupe,Hays,29.99721,-98.09675,1815,6/12/2015,1:30:00 PM,0.3,,0.0,High,7.8,590,,,26.3,,,1.2,
80415,Cypress Creek @ Blue Hole,Guadalupe,Hays,30.0039,-98.0909,1815,6/12/2015,11:45:00 AM,0.3,3.0,0.0,High,7.7,584,,,25.0,,,1.2,
12677,Cypress Creek @ Jacob'S Well,Guadalupe,Hays,30.0339,-98.1256,1815,6/12/2015,2:30:00 PM,0.3,3.0,0.0,High,7.1,576,,,25.9,,,,
80443,Cypress Creek @ Old Kyle Road Upstream Of Bridge And Dam,Guadalupe,Hays,29.99721,-98.09675,1815,6/4/2015,9:17:00 AM,0.3,6.0,0.0,Normal,8.2,600,6.4,21,21.0,,> 0.5,,
80415,Cypress Creek @ Blue Hole,Guadalupe,Hays,30.0039,-98.0909,1815,5/23/2015,11:00:00 AM,0.3,1.0,2.25,Normal,6.9,590,6.2,24,21.0,,> 1.9,,
80415,Cypress Creek @ Blue Hole,Guadalupe,Hays,30.0039,-98.0909,1815,4/20/2015,3:00:00 PM,0.1,2.0,1.05,Low,7.8,634,6.9,23.6,20.9,,,,
12677,Cypress Creek @ Jacob'S Well,Guadalupe,Hays,30.0339,-98.1256,1815,4/11/2015,4:15:00 PM,0.5,21.0,0.4,Normal,6.9,590,6.3,18.5,20.0,,> 9,,
12677,Cypress Creek @ Jacob'S Well,Guadalupe,Hays,30.0339,-98.1256,1815,3/14/2015,4:30:00 PM,0.5,4.0,0.0,Normal,7,600,6.5,25.5,19.5,,> 9,,
80415,Cypress Creek @ Blue Hole,Guadalupe,Hays,30.0039,-98.0909,1815,2/21/2015,11:06:00 AM,0.3,16.0,0.0,Normal,6.9,650,6.2,18,16.0,,> 1.75,,
12677,Cypress Creek @ Jacob'S Well,Guadalupe,Hays,30.0339,-98.1256,1815,2/14/2015,12:45:00 PM,0.5,21.0,0.0,No flow,6.9,590,5.9,20.1,19.9,,> 9,,
80415,Cypress Creek @ Blue Hole,Guadalupe,Hays,30.0039,-98.0909,1815,2/2/2015,1:45:00 PM,0.3,3.0,0.0,Normal,7.9,555,7.0,,19.3,,,1.2,
80415,Cypress Creek @ Blue Hole,Guadalupe,Hays,30.0039,-98.0909,1815,1/31/2015,10:30:00 AM,0.3,6.0,0.0,Normal,6.9,650,6.8,19,13.5,,> 1.74,,
12677,Cypress Creek @ Jacob'S Well,Guadalupe,Hays,30.0339,-98.1256,1815,1/11/2015,11:45:00 AM,0.5,7.0,0.0,No flow,7,580,6.1,7,19.0,,> 9,,
80415,Cypress Creek @ Blue Hole,Guadalupe,Hays,30.0039,-98.0909,1815,12/21/2014,2:15:00 PM,0.3,2.0,0.75,Normal,6.9,640,4.3,11,14.5,,> 1.75,,
80415,Cypress Creek @ Blue Hole,Guadalupe,Hays,30.0039,-98.0909,1815,11/27/2014,2:00:00 PM,0.3,4.0,0.0,Normal,6.9,620,4.7,12,14.5,,> 1.68,,
12677,Cypress Creek @ Jacob'S Well,Guadalupe,Hays,30.0339,-98.1256,1815,10/12/2014,11:45:00 AM,0.5,0.0,0.5,Normal,7,610,6.1,17,20.0,,,,
12677,Cypress Creek @ Jacob'S Well,Guadalupe,Hays,30.0339,-98.1256,1815,9/13/2014,11:00:00 AM,0.5,1.0,1.3,Normal,6.9,600,6.1,15.5,19.0,,,,
12677,Cypress Creek @ Jacob'S Well,Guadalupe,Hays,30.0339,-98.1256,1815,8/10/2014,9:30:00 AM,0.5,23.0,0.0,Low,7,600,6.2,28,23.0,,> 9,,
80933,Cypress Creek @ First Dam,Guadalupe,Hays,30.0201,-98.1156,1815,7/24/2014,3:10:00 PM,0.3,8.0,0.0,Low,7.2,520,7.0,32,30.0,,> 2.8,,
12677,Cypress Creek @ Jacob'S Well,Guadalupe,Hays,30.0339,-98.1256,1815,7/12/2014,11:00:00 AM,0.5,20.0,0.0,Normal,6.9,590,6.1,24,21.5,,> 9,,
12677,Cypress Creek @ Jacob'S Well,Guadalupe,Hays,30.0339,-98.1256,1815,6/15/2014,1:00:00 PM,0.5,2.0,0.41,Normal,7,590,5.9,32,22.0,,< 9,,
12677,Cypress Creek @ Jacob'S Well,Guadalupe,Hays,30.0339,-98.1256,1815,5/11/2014,1:00:00 PM,0.5,2.0,1.04,Normal,6.9,580,5.9,30,21.8,,< 9,,
80415,Cypress Creek @ Blue Hole,Guadalupe,Hays,30.0039,-98.0909,1815,4/26/2014,,0.3,0.0,1.38,Normal,6.9,620,4.7,21,21.0,,> 1.7,,
12677,Cypress Creek @ Jacob'S Well,Guadalupe,Hays,30.0339,-98.1256,1815,4/13/2014,2:00:00 PM,0.5,5.0,0.0,Normal,7,560,5.7,22.8,20.5,,< 9,,
12677,Cypress Creek @ Jacob'S Well,Guadalupe,Hays,30.0339,-98.1256,1815,3/8/2014,11:30:00 AM,0.3,4.0,0.0,Normal,7,560,6.0,15,19.0,,9,,
80415,Cypress Creek @ Blue Hole,Guadalupe,Hays,30.0039,-98.0909,1815,2/22/2014,11:15:00 AM,0.3,11.0,0.0,Normal,6.9,600,6.4,16,13.5,,> 1.69,,
12677,Cypress Creek @ Jacob'S Well,Guadalupe,Hays,30.0339,-98.1256,1815,2/8/2014,11:30:00 AM,0.5,48.0,0.0,Normal,6.8,560,6.0,9,19.0,,9,,
80415,Cypress Creek @ Blue Hole,Guadalupe,Hays,30.0039,-98.0909,1815,1/25/2014,2:20:00 PM,0.5,29.0,0.14,Normal,6.9,610,7.9,15,9.5,,> 1.8,,
12677,Cypress Creek @ Jacob'S Well,Guadalupe,Hays,30.0339,-98.1256,1815,1/12/2014,11:00:00 AM,0.5,48.0,0.0,Normal,7,550,6.5,13.5,19.5,,9,,
80933,Cypress Creek @ First Dam,Guadalupe,Hays,30.0201,-98.1156,1815,1/10/2014,10:15:00 AM,0.3,30.0,0.2,Normal,7.1,600,9.2,17,15.0,,1.2,,
80415,Cypress Creek @ Blue Hole,Guadalupe,Hays,30.0039,-98.0909,1815,12/28/2013,,0.3,7.0,0.1,Normal,6.9,620,6.7,8,12.5,,> 1.85,,
80933,Cypress Creek @ First Dam,Guadalupe,Hays,30.0201,-98.1156,1815,12/24/2013,3:30:00 PM,0.33,,0.0,Normal,7.5,550,7.1,20,20.0,,> 1.1,,
12677,Cypress Creek @ Jacob'S Well,Guadalupe,Hays,30.0339,-98.1256,1815,12/15/2013,12:30:00 PM,0.5,20.0,0.0,No flow,6.9,540,6.2,12,19.0,,9,,
80415,Cypress Creek @ Blue Hole,Guadalupe,Hays,30.0039,-98.0909,1815,11/30/2013,12:00:00 PM,0.3,5.0,0.0,Normal,6.9,600,6.9,15,14.5,,> 1.8,,
80415,Cypress Creek @ Blue Hole,Guadalupe,Hays,30.0039,-98.0909,1815,10/26/2013,,0.3,5.0,0.0,Normal,6.9,590,4.2,18,18.5,,> 1.65,,
12677,Cypress Creek @ Jacob'S Well,Guadalupe,Hays,30.0339,-98.1256,1815,10/13/2013,11:30:00 AM,0.5,0.0,2.92,Flood,7,370,6.2,20.5,20.0,,0.2,,
80933,Cypress Creek @ First Dam,Guadalupe,Hays,30.0201,-98.1156,1815,6/16/2013,7:15:00 PM,0.3,3.0,0.0,No flow,7.2,500,9.3,26,30.0,,> 2.5,,
80415,Cypress Creek @ Blue Hole,Guadalupe,Hays,30.0039,-98.0909,1815,5/25/2013,11:55:00 AM,0.3,0.0,0.49,Normal,6.9,560,3.2,21.5,20.0,,> 0.75,,
80933,Cypress Creek @ First Dam,Guadalupe,Hays,30.0201,-98.1156,1815,5/21/2013,8:35:00 AM,0.3,,0.0,Normal,7.2,500,5.2,26,27.0,,> 1,,
80443,Cypress Creek @ Old Kyle Road Upstream Of Bridge And Dam,Guadalupe,Hays,29.99721,-98.09675,1815,8/5/2012,9:00:00 AM,0.33,21.0,0.0,Low,7.5,570,5.6,26,25.0,,> 1.2,,
80443,Cypress Creek @ Old Kyle Road Upstream Of Bridge And Dam,Guadalupe,Hays,29.99721,-98.09675,1815,5/27/2012,,0.33,11.0,0.0,Normal,7.4,540,6.0,24,24.0,,1,,
80443,Cypress Creek @ Old Kyle Road Upstream Of Bridge And Dam,Guadalupe,Hays,29.99721,-98.09675,1815,1/22/2012,9:00:00 AM,0.33,11.0,0.0,Low,7.4,620,7.3,16,15.0,,0.8,,
80443,Cypress Creek @ Old Kyle Road Upstream Of Bridge And Dam,Guadalupe,Hays,29.99721,-98.09675,1815,12/21/2011,9:00:00 AM,0.33,2.0,0.3,Low,7.2,590,7.3,8,12.0,,0.9,,
80443,Cypress Creek @ Old Kyle Road Upstream Of Bridge And Dam,Guadalupe,Hays,29.99721,-98.09675,1815,8/24/2011,9:00:00 AM,,36.0,0.0,Low,7.4,590,4.0,28,26.0,,> 7,,
80443,Cypress Creek @ Old Kyle Road Upstream Of Bridge And Dam,Guadalupe,Hays,29.99721,-98.09675,1815,7/12/2011,9:00:00 AM,0.33,21.0,0.0,Low,7.4,620,4.5,27,26.0,,> 0.8,,
80443,Cypress Creek @ Old Kyle Road Upstream Of Bridge And Dam,Guadalupe,Hays,29.99721,-98.09675,1815,6/19/2011,2:10:00 PM,0.16,,0.0,Low,8,600,3.5,30.8,26.0,,1,,
80443,Cypress Creek @ Old Kyle Road Upstream Of Bridge And Dam,Guadalupe,Hays,29.99721,-98.09675,1815,5/15/2011,9:00:00 AM,0.33,13.0,1.0,Low,7.4,600,5.8,21,19.0,,0.9,,
80443,Cypress Creek @ Old Kyle Road Upstream Of Bridge And Dam,Guadalupe,Hays,29.99721,-98.09675,1815,3/20/2011,9:00:00 AM,0.33,30.0,0.0,Low,7.4,580,7.2,20,19.0,,0.8,,
80443,Cypress Creek @ Old Kyle Road Upstream Of Bridge And Dam,Guadalupe,Hays,29.99721,-98.09675,1815,12/12/2010,9:00:00 AM,0.33,39.0,0.0,Low,7.4,590,7.7,8,13.0,,> 0.9,,
80443,Cypress Creek @ Old Kyle Road Upstream Of Bridge And Dam,Guadalupe,Hays,29.99721,-98.09675,1815,11/15/2010,9:00:00 AM,0.33,12.0,0.0,Low,7.8,600,7.2,11,16.0,,> 0.8,,
80443,Cypress Creek @ Old Kyle Road Upstream Of Bridge And Dam,Guadalupe,Hays,29.99721,-98.09675,1815,10/3/2010,9:00:00 AM,0.33,9.0,0.0,Low,8,570,8.1,18,20.0,,> 0.9,,
12677,Cypress Creek @ Jacob'S Well,Guadalupe,Hays,30.0339,-98.1256,1815,9/28/2010,9:30:00 AM,0.5,5.0,0.0,Normal,7.2,590,6.3,29,21.5,,1.5,,
80443,Cypress Creek @ Old Kyle Road Upstream Of Bridge And Dam,Guadalupe,Hays,29.99721,-98.09675,1815,9/5/2010,9:00:00 AM,0.33,2.0,1.2,No flow,,570,6.1,26,27.0,,0.9,,
80443,Cypress Creek @ Old Kyle Road Upstream Of Bridge And Dam,Guadalupe,Hays,29.99721,-98.09675,1815,8/30/2010,3:41:00 PM,0.1,,,Low,,580,,28,,,2.5,,
80443,Cypress Creek @ Old Kyle Road Upstream Of Bridge And Dam,Guadalupe,Hays,29.99721,-98.09675,1815,5/31/2010,9:00:00 AM,0.33,6.0,0.0,Low,7.7,570,6.6,24,23.0,,> 0.9,,
80502,Cypress Creek @ Woodcreek Drive,Guadalupe,Hays,30.0209,-98.1174,1815,5/22/2010,2:00:00 PM,0.3,5.0,0.0,Normal,7.8,610,7.2,33,26.0,,0.3,,
12677,Cypress Creek @ Jacob'S Well,Guadalupe,Hays,30.0339,-98.1256,1815,3/27/2010,2:00:00 PM,0.3,2.0,,Low,7,330,7.2,24,21.0,,0.6,,
80502,Cypress Creek @ Woodcreek Drive,Guadalupe,Hays,30.0209,-98.1174,1815,3/26/2010,12:00:00 PM,0.3,7.0,0.0,Normal,8.3,610,6.9,27,20.0,,0.3,,
12677,Cypress Creek @ Jacob'S Well,Guadalupe,Hays,30.0339,-98.1256,1815,2/20/2010,11:57:00 AM,0.5,1.0,,Low,7,550,9.6,5,7.0,,1,,
80443,Cypress Creek @ Old Kyle Road Upstream Of Bridge And Dam,Guadalupe,Hays,29.99721,-98.09675,1815,2/10/2010,1:08:00 PM,0.5,1.0,,Normal,8,580,11.8,6,5.2,,1.4,,
80415,Cypress Creek @ Blue Hole,Guadalupe,Hays,30.0039,-98.0909,1815,1/31/2010,12:10:00 PM,1.77,2.0,1.32,Low,7.5,650,10.0,0,8.5,,1.77,,
12677,Cypress Creek @ Jacob'S Well,Guadalupe,Hays,30.0339,-98.1256,1815,1/30/2010,1:00:00 PM,0.5,1.0,,Normal,7,520,3.6,8.5,7.5,,2,,
80443,Cypress Creek @ Old Kyle Road Upstream Of Bridge And Dam,Guadalupe,Hays,29.99721,-98.09675,1815,1/23/2010,2:00:00 PM,0.25,3.0,,Normal,7.9,590,7.6,19,7.5,,2.8,,
80443,Cypress Creek @ Old Kyle Road Upstream Of Bridge And Dam,Guadalupe,Hays,29.99721,-98.09675,1815,12/19/2009,12:00:00 PM,0.25,2.0,,Low,8,620,5.0,14,13.0,,1,,
80443,Cypress Creek @ Old Kyle Road Upstream Of Bridge And Dam,Guadalupe,Hays,29.99721,-98.09675,1815,11/8/2009,9:00:00 AM,0.33,13.0,0.0,Low,7.6,680,7.6,19,18.0,,> 0.9,,
80443,Cypress Creek @ Old Kyle Road Upstream Of Bridge And Dam,Guadalupe,Hays,29.99721,-98.09675,1815,10/2/2009,9:00:00 AM,0.33,9.0,0.0,Low,7.4,670,5.7,19,21.0,,> 0.8,,
80443,Cypress Creek @ Old Kyle Road Upstream Of Bridge And Dam,Guadalupe,Hays,29.99721,-98.09675,1815,8/30/2009,9:00:00 AM,0.33,3.0,0.2,Low,7.4,570,3.5,24,23.0,,> 0.2,,
80443,Cypress Creek @ Old Kyle Road Upstream Of Bridge And Dam,Guadalupe,Hays,29.99721,-98.09675,1815,4/15/2009,9:00:00 AM,0.33,8.0,0.0,Low,7.4,560,6.2,17,18.0,,0.8,,
80443,Cypress Creek @ Old Kyle Road Upstream Of Bridge And Dam,Guadalupe,Hays,29.99721,-98.09675,1815,3/15/2009,9:00:00 AM,0.33,3.0,2.5,Normal,7.5,550,7.5,12,13.0,,1.2,,
12677,Cypress Creek @ Jacob'S Well,Guadalupe,Hays,30.0339,-98.1256,1815,1/19/2009,1:00:00 PM,0.33,7.0,0.0,No flow,7.3,610,5.7,20,19.5,,> 0.5,,
80443,Cypress Creek @ Old Kyle Road Upstream Of Bridge And Dam,Guadalupe,Hays,29.99721,-98.09675,1815,1/4/2009,9:00:00 AM,0.33,60.0,0.0,Low,7.4,560,6.6,17,18.0,,0.8,,
12677,Cypress Creek @ Jacob'S Well,Guadalupe,Hays,30.0339,-98.1256,1815,12/20/2008,1:00:00 PM,0.6,7.0,0.0,No flow,7,610,5.5,22,20.6,,> 0.6,,
80443,Cypress Creek @ Old Kyle Road Upstream Of Bridge And Dam,Guadalupe,Hays,29.99721,-98.09675,1815,12/9/2008,10:00:00 AM,0.33,40.0,0.0,Low,7.4,580,6.4,19,16.0,,> 0.7,,
12677,Cypress Creek @ Jacob'S Well,Guadalupe,Hays,30.0339,-98.1256,1815,11/23/2008,2:30:00 PM,0.6,7.0,0.0,No flow,7,610,6.4,22,20.0,,> 0.75,,
80443,Cypress Creek @ Old Kyle Road Upstream Of Bridge And Dam,Guadalupe,Hays,29.99721,-98.09675,1815,11/7/2008,9:00:00 AM,0.33,32.0,0.0,No flow,7.2,570,4.9,16,17.0,,0.8,,
12677,Cypress Creek @ Jacob'S Well,Guadalupe,Hays,30.0339,-98.1256,1815,10/15/2008,2:00:00 PM,0.75,7.0,0.0,No flow,7,610,5.3,24.5,20.5,,> 0.75,,
80443,Cypress Creek @ Old Kyle Road Upstream Of Bridge And Dam,Guadalupe,Hays,29.99721,-98.09675,1815,10/12/2008,9:30:00 AM,0.33,6.0,0.0,Low,7.4,580,5.8,24,21.0,,0.8,,
12677,Cypress Creek @ Jacob'S Well,Guadalupe,Hays,30.0339,-98.1256,1815,8/8/2008,1:00:00 PM,0.5,7.0,0.0,No flow,7.5,610,5.3,35,22.0,,> 0.75,,
80443,Cypress Creek @ Old Kyle Road Upstream Of Bridge And Dam,Guadalupe,Hays,29.99721,-98.09675,1815,8/6/2008,9:00:00 AM,0.33,13.0,0.01,Low,7.3,530,4.5,27,25.5,,0.8,,
80443,Cypress Creek @ Old Kyle Road Upstream Of Bridge And Dam,Guadalupe,Hays,29.99721,-98.09675,1815,7/1/2008,9:00:00 AM,0.33,48.0,0.05,Low,7.2,560,4.2,26,5.0,,0.9,,
80443,Cypress Creek @ Old Kyle Road Upstream Of Bridge And Dam,Guadalupe,Hays,29.99721,-98.09675,1815,6/8/2008,9:00:00 AM,0.33,0.0,0.1,Low,7.5,560,5.3,27,25.0,,0.8,,
80443,Cypress Creek @ Old Kyle Road Upstream Of Bridge And Dam,Guadalupe,Hays,29.99721,-98.09675,1815,5/8/2008,9:00:00 AM,0.33,2.0,0.1,Low,7.5,560,6.3,19,19.0,,0.8,,
12677,Cypress Creek @ Jacob'S Well,Guadalupe,Hays,30.0339,-98.1256,1815,4/27/2008,1:00:00 PM,0.5,1.0,0.5,No flow,7,610,5.5,19,20.5,,> 0.75,,
80443,Cypress Creek @ Old Kyle Road Upstream Of Bridge And Dam,Guadalupe,Hays,29.99721,-98.09675,1815,4/3/2008,9:00:00 AM,0.33,3.0,0.1,Low,7.6,550,7.3,21,19.0,,0.9,,
12677,Cypress Creek @ Jacob'S Well,Guadalupe,Hays,30.0339,-98.1256,1815,3/30/2008,1:00:00 PM,0.5,7.0,0.0,No flow,7,610,5.1,25,21.0,,> 0.8,,
12677,Cypress Creek @ Jacob'S Well,Guadalupe,Hays,30.0339,-98.1256,1815,3/8/2008,2:20:00 PM,0.5,7.0,0.25,No flow,7,600,5.3,18,20.0,,> 0.8,,
80443,Cypress Creek @ Old Kyle Road Upstream Of Bridge And Dam,Guadalupe,Hays,29.99721,-98.09675,1815,3/7/2008,9:00:00 AM,0.33,1.0,0.25,Low,7,560,8.7,9,12.0,,0.9,,
80443,Cypress Creek @ Old Kyle Road Upstream Of Bridge And Dam,Guadalupe,Hays,29.99721,-98.09675,1815,2/22/2008,12:14:00 PM,0.3,5.0,0.0,No flow,8,540,9.4,0,0.0,,> 1.5,,
80443,Cypress Creek @ Old Kyle Road Upstream Of Bridge And Dam,Guadalupe,Hays,29.99721,-98.09675,1815,2/10/2008,9:00:00 AM,0.33,11.0,0.0,Low,7.5,550,8.1,14,13.0,,0.9,,
12677,Cypress Creek @ Jacob'S Well,Guadalupe,Hays,30.0339,-98.1256,1815,1/19/2008,12:50:00 PM,0.5,1.0,0.5,No flow,7,600,5.2,11,19.0,,> 0.75,,
80443,Cypress Creek @ Old Kyle Road Upstream Of Bridge And Dam,Guadalupe,Hays,29.99721,-98.09675,1815,1/8/2008,9:00:00 AM,0.33,14.0,0.0,Low,8,550,,19,16.0,,0.8,,
12677,Cypress Creek @ Jacob'S Well,Guadalupe,Hays,30.0339,-98.1256,1815,12/22/2007,12:45:00 PM,0.5,7.0,0.0,Low,7,560,5.3,18,20.0,,> 0.75,,
80443,Cypress Creek @ Old Kyle Road Upstream Of Bridge And Dam,Guadalupe,Hays,29.99721,-98.09675,1815,12/6/2007,9:30:00 AM,0.33,11.0,0.0,Low,8,540,8.0,13,14.0,,0.9,,
12677,Cypress Creek @ Jacob'S Well,Guadalupe,Hays,30.0339,-98.1256,1815,11/21/2007,12:30:00 PM,0.5,7.0,0.0,No flow,7,570,4.7,28,21.0,,> 0.75,,
80443,Cypress Creek @ Old Kyle Road Upstream Of Bridge And Dam,Guadalupe,Hays,29.99721,-98.09675,1815,11/1/2007,9:30:00 AM,0.33,11.0,0.0,Low,8,560,7.8,17,16.0,,> 0.9,,
12677,Cypress Creek @ Jacob'S Well,Guadalupe,Hays,30.0339,-98.1256,1815,10/21/2007,3:00:00 PM,0.75,7.0,0.0,No flow,7,570,4.8,29,20.5,,> 1.5,,
80443,Cypress Creek @ Old Kyle Road Upstream Of Bridge And Dam,Guadalupe,Hays,29.99721,-98.09675,1815,10/5/2007,9:05:00 AM,0.3,4.0,0.0,Low,8,540,6.6,20,22.0,,> 0.9,,
12677,Cypress Creek @ Jacob'S Well,Guadalupe,Hays,30.0339,-98.1256,1815,9/23/2007,1:30:00 PM,0.75,7.0,0.0,No flow,7,570,4.7,31,21.5,,> 0.75,,
80443,Cypress Creek @ Old Kyle Road Upstream Of Bridge And Dam,Guadalupe,Hays,29.99721,-98.09675,1815,9/7/2007,9:15:00 AM,0.3,3.0,1.0,Normal,8,590,6.5,26,24.5,,> 1.02,,
12677,Cypress Creek @ Jacob'S Well,Guadalupe,Hays,30.0339,-98.1256,1815,8/19/2007,1:30:00 PM,0.75,4.0,2.0,Low,7,540,4.4,30.5,22.0,,> 1.5,,
12677,Cypress Creek @ Jacob'S Well,Guadalupe,Hays,30.0339,-98.1256,1815,7/15/2007,1:45:00 PM,0.75,0.0,2.0,Low,7,570,4.9,30,21.0,,> 0.75,,
12677,Cypress Creek @ Jacob'S Well,Guadalupe,Hays,30.0339,-98.1256,1815,5/20/2007,3:00:00 PM,0.75,5.0,0.0,No flow,7,550,,25,20.5,,> 1.5,,
13513,Cypress Creek @ Cr 220 Downstream Of Jacob'S Well,Guadalupe,Hays,30.03,-98.12111,1815,5/9/2007,11:00:00 AM,0.33,15.0,0.0,Normal,7.7,420,6.2,29.5,23.0,,> 1.8,,
12677,Cypress Creek @ Jacob'S Well,Guadalupe,Hays,30.0339,-98.1256,1815,4/15/2007,12:30:00 PM,0.75,2.0,0.5,No flow,7,550,4.7,18.5,19.5,,> 1.5,,
13513,Cypress Creek @ Cr 220 Downstream Of Jacob'S Well,Guadalupe,Hays,30.03,-98.12111,1815,3/31/2007,12:30:00 PM,0.3,3.0,1.0,High,7.6,530,7.0,26.5,20.5,,> 1.5,,
12677,Cypress Creek @ Jacob'S Well,Guadalupe,Hays,30.0339,-98.1256,1815,3/4/2007,1:30:00 PM,0.75,7.0,0.0,No flow,7,580,5.3,16.5,19.5,,> 1,,
80415,Cypress Creek @ Blue Hole,Guadalupe,Hays,30.0039,-98.0909,1815,2/25/2007,12:30:00 PM,0.33,17.0,0.0,Low,7.3,660,7.5,19.5,17.0,,1.4,,
13513,Cypress Creek @ Cr 220 Downstream Of Jacob'S Well,Guadalupe,Hays,30.03,-98.12111,1815,2/25/2007,11:40:00 AM,0.33,0.0,0.0,Normal,6.9,580,7.3,18,16.9,,> 1.25,,
12677,Cypress Creek @ Jacob'S Well,Guadalupe,Hays,30.0339,-98.1256,1815,1/28/2007,12:30:00 PM,0.25,5.0,0.0,No flow,7,590,5.9,11,20.0,,> 1,,
12677,Cypress Creek @ Jacob'S Well,Guadalupe,Hays,30.0339,-98.1256,1815,12/17/2006,1:00:00 PM,0.5,15.0,0.0,No flow,7,590,5.4,24.5,20.5,,> 0.75,,
12677,Cypress Creek @ Jacob'S Well,Guadalupe,Hays,30.0339,-98.1256,1815,11/26/2006,2:00:00 PM,0.75,7.0,0.0,No flow,7,590,5.7,23.5,20.5,,> 1,,
12677,Cypress Creek @ Jacob'S Well,Guadalupe,Hays,30.0339,-98.1256,1815,10/15/2006,2:00:00 PM,0.75,3.0,0.15,No flow,,590,5.5,24,21.5,,1.5,,
12677,Cypress Creek @ Jacob'S Well,Guadalupe,Hays,30.0339,-98.1256,1815,9/10/2006,12:00:00 PM,0.5,5.0,0.25,No flow,7,590,5.6,29,22.0,,0.75,,
12677,Cypress Creek @ Jacob'S Well,Guadalupe,Hays,30.0339,-98.1256,1815,8/10/2006,11:50:00 AM,0.75,6.0,0.0,No flow,7,600,5.3,24,22.0,,1.5,,
12677,Cypress Creek @ Jacob'S Well,Guadalupe,Hays,30.0339,-98.1256,1815,7/9/2006,12:15:00 PM,0.25,4.0,0.0,No flow,7,590,5.2,31,22.0,,1.5,,
12677,Cypress Creek @ Jacob'S Well,Guadalupe,Hays,30.0339,-98.1256,1815,6/11/2006,1:30:00 PM,0.75,10.0,0.0,No flow,7,590,5.3,32,22.0,,> 1,,
12677,Cypress Creek @ Jacob'S Well,Guadalupe,Hays,30.0339,-98.1256,1815,5/20/2006,12:00:00 PM,0.75,12.0,0.0,No flow,7,580,5.6,30,21.5,,> 1.5,,
12677,Cypress Creek @ Jacob'S Well,Guadalupe,Hays,30.0339,-98.1256,1815,4/13/2006,1:50:00 PM,0.5,14.0,0.0,No flow,7,630,5.4,30,21.0,,0.75,,
12677,Cypress Creek @ Jacob'S Well,Guadalupe,Hays,30.0339,-98.1256,1815,3/10/2006,12:15:00 PM,0.25,5.0,0.0,No flow,7,630,5.8,25,21.0,,1.5,,
12677,Cypress Creek @ Jacob'S Well,Guadalupe,Hays,30.0339,-98.1256,1815,2/16/2006,2:15:00 PM,0.25,6.0,0.0,No flow,7,630,5.5,27,21.0,,> 0.8,,
12677,Cypress Creek @ Jacob'S Well,Guadalupe,Hays,30.0339,-98.1256,1815,1/15/2006,4:00:00 PM,0.5,10.0,0.0,No flow,7,590,5.9,20,20.0,,> 0.75,,
12677,Cypress Creek @ Jacob'S Well,Guadalupe,Hays,30.0339,-98.1256,1815,11/21/2004,3:20:00 PM,0.3,1.0,0.58,High,7.1,,6.7,19.5,20.0,,> 5,,
12677,Cypress Creek @ Jacob'S Well,Guadalupe,Hays,30.0339,-98.1256,1815,1/12/2002,3:50:00 PM,,,,Normal,7.3,,7.1,19,18.5,,> 3.5,,
12677,Cypress Creek @ Jacob'S Well,Guadalupe,Hays,30.0339,-98.1256,1815,9/20/2001,11:00:00 AM,0.5,9.0,,Low,7,,5.6,30,20.0,,18,,
12677,Cypress Creek @ Jacob'S Well,Guadalupe,Hays,30.0339,-98.1256,1815,2/3/2001,2:00:00 PM,0,,,Normal,7,,7.6,18,18.0,,,,
